timeStamp,elapsed,label,responseCode,responseMessage,threadName,dataType,success,failureMessage,bytes,sentBytes,grpThreads,allThreads,URL,Latency,IdleTime,Connect
1777276841475,5236,HTTP Request,Non HTTP response code: java.net.SocketException,Non HTTP response message: Socket closed,Thread Group 1-436,text,false,,2228,0,500,500,http://Result-Traffic-Cop-1338216547.eu-north-1.elb.amazonaws.com:8080/result/12345,0,0,5236
1777276841816,4821,HTTP Request,Non HTTP response code: java.net.SocketException,Non HTTP response message: Socket closed,Thread Group 1-464,text,false,,2228,0,500,500,http://Result-Traffic-Cop-1338216547.eu-north-1.elb.amazonaws.com:8080/result/12345,0,0,4821
1777276838631,8087,HTTP Request,Non HTTP response code: java.net.SocketException,Non HTTP response message: Socket closed,Thread Group 1-77,text,false,,2228,0,500,500,http://Result-Traffic-Cop-1338216547.eu-north-1.elb.amazonaws.com:8080/result/12345,0,0,8087
1777276838596,8074,HTTP Request,Non HTTP response code: java.net.SocketException,Non HTTP response message: Socket closed,Thread Group 1-8,text,false,,2228,0,500,500,http://Result-Traffic-Cop-1338216547.eu-north-1.elb.amazonaws.com:8080/result/12345,0,0,8074
1777276838442,8239,HTTP Request,Non HTTP response code: java.net.SocketException,Non HTTP response message: Socket closed,Thread Group 1-91,text,false,,2228,0,500,500,http://Result-Traffic-Cop-1338216547.eu-north-1.elb.amazonaws.com:8080/result/12345,0,0,8239
1777276838722,7986,HTTP Request,Non HTTP response code: java.net.SocketException,Non HTTP response message: Socket closed,Thread Group 1-6,text,false,,2228,0,500,500,http://Result-Traffic-Cop-1338216547.eu-north-1.elb.amazonaws.com:8080/result/12345,0,0,7986
1777276841538,5172,HTTP Request,Non HTTP response code: java.net.SocketException,Non HTTP response message: Socket closed,Thread Group 1-443,text,false,,2228,0,500,500,http://Result-Traffic-Cop-1338216547.eu-north-1.elb.amazonaws.com:8080/result/12345,0,0,5172
1777276839714,6996,HTTP Request,Non HTTP response code: java.net.SocketException,Non HTTP response message: Socket closed,Thread Group 1-254,text,false,,2228,0,500,500,http://Result-Traffic-Cop-1338216547.eu-north-1.elb.amazonaws.com:8080/result/12345,0,0,6996
1777276841442,5280,HTTP Request,Non HTTP response code: java.net.SocketException,Non HTTP response message: Socket closed,Thread Group 1-433,text,false,,2228,0,500,500,http://Result-Traffic-Cop-1338216547.eu-north-1.elb.amazonaws.com:8080/result/12345,0,0,5280
1777276838655,8059,HTTP Request,Non HTTP response code: java.net.SocketException,Non HTTP response message: Socket closed,Thread Group 1-124,text,false,,2228,0,500,500,http://Result-Traffic-Cop-1338216547.eu-north-1.elb.amazonaws.com:8080/result/12345,0,0,8059
1777276840112,6603,HTTP Request,Non HTTP response code: java.net.SocketException,Non HTTP response message: Socket closed,Thread Group 1-299,text,false,,2228,0,500,500,http://Result-Traffic-Cop-1338216547.eu-north-1.elb.amazonaws.com:8080/result/12345,0,0,6603
1777276838514,8127,HTTP Request,Non HTTP response code: java.net.SocketException,Non HTTP response message: Socket closed,Thread Group 1-56,text,false,,2228,0,500,500,http://Result-Traffic-Cop-1338216547.eu-north-1.elb.amazonaws.com:8080/result/12345,0,0,8127
1777276839750,6957,HTTP Request,Non HTTP response code: java.net.SocketException,Non HTTP response message: Socket closed,Thread Group 1-256,text,false,,2228,0,500,500,http://Result-Traffic-Cop-1338216547.eu-north-1.elb.amazonaws.com:8080/result/12345,0,0,6957
1777276841222,5411,HTTP Request,Non HTTP response code: java.net.SocketException,Non HTTP response message: Socket closed,Thread Group 1-403,text,false,,2228,0,500,500,http://Result-Traffic-Cop-1338216547.eu-north-1.elb.amazonaws.com:8080/result/12345,0,0,5410
1777276841396,5309,HTTP Request,Non HTTP response code: java.net.SocketException,Non HTTP response message: Socket closed,Thread Group 1-428,text,false,,2228,0,500,500,http://Result-Traffic-Cop-1338216547.eu-north-1.elb.amazonaws.com:8080/result/12345,0,0,5309
1777276840489,6178,HTTP Request,Non HTTP response code: java.net.SocketException,Non HTTP response message: Socket closed,Thread Group 1-335,text,false,,2228,0,500,500,http://Result-Traffic-Cop-1338216547.eu-north-1.elb.amazonaws.com:8080/result/12345,0,0,6178
1777276841341,5356,HTTP Request,Non HTTP response code: java.net.SocketException,Non HTTP response message: Socket closed,Thread Group 1-421,text,false,,2228,0,500,500,http://Result-Traffic-Cop-1338216547.eu-north-1.elb.amazonaws.com:8080/result/12345,0,0,5356
1777276841030,5657,HTTP Request,Non HTTP response code: java.net.SocketException,Non HTTP response message: Socket closed,Thread Group 1-388,text,false,,2228,0,500,500,http://Result-Traffic-Cop-1338216547.eu-north-1.elb.amazonaws.com:8080/result/12345,0,0,5657
1777276841899,4744,HTTP Request,Non HTTP response code: java.net.SocketException,Non HTTP response message: Socket closed,Thread Group 1-493,text,false,,2228,0,500,500,http://Result-Traffic-Cop-1338216547.eu-north-1.elb.amazonaws.com:8080/result/12345,0,0,4744
1777276838892,7803,HTTP Request,Non HTTP response code: java.net.SocketException,Non HTTP response message: Socket closed,Thread Group 1-118,text,false,,2228,0,500,500,http://Result-Traffic-Cop-1338216547.eu-north-1.elb.amazonaws.com:8080/result/12345,0,0,7803
1777276838796,7837,HTTP Request,Non HTTP response code: java.net.SocketException,Non HTTP response message: Socket closed,Thread Group 1-33,text,false,,2228,0,500,500,http://Result-Traffic-Cop-1338216547.eu-north-1.elb.amazonaws.com:8080/result/12345,0,0,7836
1777276838517,8116,HTTP Request,Non HTTP response code: java.net.SocketException,Non HTTP response message: Socket closed,Thread Group 1-112,text,false,,2228,0,500,500,http://Result-Traffic-Cop-1338216547.eu-north-1.elb.amazonaws.com:8080/result/12345,0,0,8115
1777276838797,7843,HTTP Request,Non HTTP response code: java.net.SocketException,Non HTTP response message: Socket closed,Thread Group 1-156,text,false,,2228,0,500,500,http://Result-Traffic-Cop-1338216547.eu-north-1.elb.amazonaws.com:8080/result/12345,0,0,7843
1777276841745,4919,HTTP Request,Non HTTP response code: java.net.SocketException,Non HTTP response message: Socket closed,Thread Group 1-486,text,false,,2228,0,500,500,http://Result-Traffic-Cop-1338216547.eu-north-1.elb.amazonaws.com:8080/result/12345,0,0,4919
1777276841527,5117,HTTP Request,Non HTTP response code: java.net.SocketException,Non HTTP response message: Socket closed,Thread Group 1-442,text,false,,2228,0,500,500,http://Result-Traffic-Cop-1338216547.eu-north-1.elb.amazonaws.com:8080/result/12345,0,0,5117
1777276839186,7455,HTTP Request,Non HTTP response code: java.net.SocketException,Non HTTP response message: Socket closed,Thread Group 1-250,text,false,,2228,0,500,500,http://Result-Traffic-Cop-1338216547.eu-north-1.elb.amazonaws.com:8080/result/12345,0,0,7455
1777276838514,8175,HTTP Request,Non HTTP response code: java.net.SocketException,Non HTTP response message: Socket closed,Thread Group 1-203,text,false,,2228,0,500,500,http://Result-Traffic-Cop-1338216547.eu-north-1.elb.amazonaws.com:8080/result/12345,0,0,8175
1777276838475,8158,HTTP Request,Non HTTP response code: java.net.SocketException,Non HTTP response message: Socket closed,Thread Group 1-216,text,false,,2228,0,500,500,http://Result-Traffic-Cop-1338216547.eu-north-1.elb.amazonaws.com:8080/result/12345,0,0,8157
1777276840764,5869,HTTP Request,Non HTTP response code: java.net.SocketException,Non HTTP response message: Socket closed,Thread Group 1-353,text,false,,2228,0,500,500,http://Result-Traffic-Cop-1338216547.eu-north-1.elb.amazonaws.com:8080/result/12345,0,0,5869
1777276841760,4874,HTTP Request,Non HTTP response code: java.net.SocketException,Non HTTP response message: Socket closed,Thread Group 1-478,text,false,,2228,0,500,500,http://Result-Traffic-Cop-1338216547.eu-north-1.elb.amazonaws.com:8080/result/12345,0,0,4874
1777276840838,5817,HTTP Request,Non HTTP response code: java.net.SocketException,Non HTTP response message: Socket closed,Thread Group 1-367,text,false,,2228,0,500,500,http://Result-Traffic-Cop-1338216547.eu-north-1.elb.amazonaws.com:8080/result/12345,0,0,5817
1777276838545,8103,HTTP Request,Non HTTP response code: java.net.SocketException,Non HTTP response message: Socket closed,Thread Group 1-152,text,false,,2228,0,500,500,http://Result-Traffic-Cop-1338216547.eu-north-1.elb.amazonaws.com:8080/result/12345,0,0,8103
1777276838624,8009,HTTP Request,Non HTTP response code: java.net.SocketException,Non HTTP response message: Socket closed,Thread Group 1-210,text,false,,2228,0,500,500,http://Result-Traffic-Cop-1338216547.eu-north-1.elb.amazonaws.com:8080/result/12345,0,0,8008
1777276838589,8056,HTTP Request,Non HTTP response code: java.net.SocketException,Non HTTP response message: Socket closed,Thread Group 1-84,text,false,,2228,0,500,500,http://Result-Traffic-Cop-1338216547.eu-north-1.elb.amazonaws.com:8080/result/12345,0,0,8056
1777276841325,5393,HTTP Request,Non HTTP response code: java.net.SocketException,Non HTTP response message: Socket closed,Thread Group 1-420,text,false,,2228,0,500,500,http://Result-Traffic-Cop-1338216547.eu-north-1.elb.amazonaws.com:8080/result/12345,0,0,5393
1777276838595,8077,HTTP Request,Non HTTP response code: java.net.SocketException,Non HTTP response message: Socket closed,Thread Group 1-43,text,false,,2228,0,500,500,http://Result-Traffic-Cop-1338216547.eu-north-1.elb.amazonaws.com:8080/result/12345,0,0,8077
1777276841311,5388,HTTP Request,Non HTTP response code: java.net.SocketException,Non HTTP response message: Socket closed,Thread Group 1-418,text,false,,2228,0,500,500,http://Result-Traffic-Cop-1338216547.eu-north-1.elb.amazonaws.com:8080/result/12345,0,0,5388
1777276838607,8047,HTTP Request,Non HTTP response code: java.net.SocketException,Non HTTP response message: Socket closed,Thread Group 1-57,text,false,,2228,0,500,500,http://Result-Traffic-Cop-1338216547.eu-north-1.elb.amazonaws.com:8080/result/12345,0,0,8047
1777276838781,7917,HTTP Request,Non HTTP response code: java.net.SocketException,Non HTTP response message: Socket closed,Thread Group 1-11,text,false,,2228,0,500,500,http://Result-Traffic-Cop-1338216547.eu-north-1.elb.amazonaws.com:8080/result/12345,0,0,7917
1777276838802,7866,HTTP Request,Non HTTP response code: java.net.SocketException,Non HTTP response message: Socket closed,Thread Group 1-181,text,false,,2228,0,500,500,http://Result-Traffic-Cop-1338216547.eu-north-1.elb.amazonaws.com:8080/result/12345,0,0,7866
1777276838585,8048,HTTP Request,Non HTTP response code: java.net.SocketException,Non HTTP response message: Socket closed,Thread Group 1-190,text,false,,2228,0,500,500,http://Result-Traffic-Cop-1338216547.eu-north-1.elb.amazonaws.com:8080/result/12345,0,0,8047
1777276838719,7973,HTTP Request,Non HTTP response code: java.net.SocketException,Non HTTP response message: Socket closed,Thread Group 1-60,text,false,,2228,0,500,500,http://Result-Traffic-Cop-1338216547.eu-north-1.elb.amazonaws.com:8080/result/12345,0,0,7973
1777276838679,8021,HTTP Request,Non HTTP response code: java.net.SocketException,Non HTTP response message: Socket closed,Thread Group 1-151,text,false,,2228,0,500,500,http://Result-Traffic-Cop-1338216547.eu-north-1.elb.amazonaws.com:8080/result/12345,0,0,8021
1777276840758,5943,HTTP Request,Non HTTP response code: java.net.SocketException,Non HTTP response message: Socket closed,Thread Group 1-355,text,false,,2228,0,500,500,http://Result-Traffic-Cop-1338216547.eu-north-1.elb.amazonaws.com:8080/result/12345,0,0,5943
1777276838537,8156,HTTP Request,Non HTTP response code: java.net.SocketException,Non HTTP response message: Socket closed,Thread Group 1-233,text,false,,2228,0,500,500,http://Result-Traffic-Cop-1338216547.eu-north-1.elb.amazonaws.com:8080/result/12345,0,0,8156
1777276841778,4856,HTTP Request,Non HTTP response code: java.net.SocketException,Non HTTP response message: Socket closed,Thread Group 1-474,text,false,,2228,0,500,500,http://Result-Traffic-Cop-1338216547.eu-north-1.elb.amazonaws.com:8080/result/12345,0,0,4856
1777276841344,5340,HTTP Request,Non HTTP response code: java.net.SocketException,Non HTTP response message: Socket closed,Thread Group 1-422,text,false,,2228,0,500,500,http://Result-Traffic-Cop-1338216547.eu-north-1.elb.amazonaws.com:8080/result/12345,0,0,5340
1777276841822,4839,HTTP Request,Non HTTP response code: java.net.SocketException,Non HTTP response message: Socket closed,Thread Group 1-472,text,false,,2228,0,500,500,http://Result-Traffic-Cop-1338216547.eu-north-1.elb.amazonaws.com:8080/result/12345,0,0,4839
1777276840143,6540,HTTP Request,Non HTTP response code: java.net.SocketException,Non HTTP response message: Socket closed,Thread Group 1-303,text,false,,2228,0,500,500,http://Result-Traffic-Cop-1338216547.eu-north-1.elb.amazonaws.com:8080/result/12345,0,0,6539
1777276838592,8069,HTTP Request,Non HTTP response code: java.net.SocketException,Non HTTP response message: Socket closed,Thread Group 1-93,text,false,,2228,0,500,500,http://Result-Traffic-Cop-1338216547.eu-north-1.elb.amazonaws.com:8080/result/12345,0,0,8069
1777276841988,4706,HTTP Request,Non HTTP response code: java.net.SocketException,Non HTTP response message: Socket closed,Thread Group 1-495,text,false,,2228,0,500,500,http://Result-Traffic-Cop-1338216547.eu-north-1.elb.amazonaws.com:8080/result/12345,0,0,4706
1777276838688,7975,HTTP Request,Non HTTP response code: java.net.SocketException,Non HTTP response message: Socket closed,Thread Group 1-144,text,false,,2228,0,500,500,http://Result-Traffic-Cop-1338216547.eu-north-1.elb.amazonaws.com:8080/result/12345,0,0,7975
1777276841553,5094,HTTP Request,Non HTTP response code: java.net.SocketException,Non HTTP response message: Socket closed,Thread Group 1-446,text,false,,2228,0,500,500,http://Result-Traffic-Cop-1338216547.eu-north-1.elb.amazonaws.com:8080/result/12345,0,0,5093
1777276838623,8010,HTTP Request,Non HTTP response code: java.net.SocketException,Non HTTP response message: Socket closed,Thread Group 1-61,text,false,,2228,0,500,500,http://Result-Traffic-Cop-1338216547.eu-north-1.elb.amazonaws.com:8080/result/12345,0,0,8009
1777276838632,8045,HTTP Request,Non HTTP response code: java.net.SocketException,Non HTTP response message: Socket closed,Thread Group 1-72,text,false,,2228,0,500,500,http://Result-Traffic-Cop-1338216547.eu-north-1.elb.amazonaws.com:8080/result/12345,0,0,8045
1777276841729,4957,HTTP Request,Non HTTP response code: java.net.SocketException,Non HTTP response message: Socket closed,Thread Group 1-485,text,false,,2228,0,500,500,http://Result-Traffic-Cop-1338216547.eu-north-1.elb.amazonaws.com:8080/result/12345,0,0,4957
1777276838497,8136,HTTP Request,Non HTTP response code: java.net.SocketException,Non HTTP response message: Socket closed,Thread Group 1-177,text,false,,2228,0,500,500,http://Result-Traffic-Cop-1338216547.eu-north-1.elb.amazonaws.com:8080/result/12345,0,0,8135
1777276839754,6881,HTTP Request,Non HTTP response code: java.net.SocketException,Non HTTP response message: Socket closed,Thread Group 1-265,text,false,,2228,0,500,500,http://Result-Traffic-Cop-1338216547.eu-north-1.elb.amazonaws.com:8080/result/12345,0,0,6880
1777276842015,4622,HTTP Request,Non HTTP response code: java.net.SocketException,Non HTTP response message: Socket closed,Thread Group 1-498,text,false,,2228,0,500,500,http://Result-Traffic-Cop-1338216547.eu-north-1.elb.amazonaws.com:8080/result/12345,0,0,4622
1777276838475,8177,HTTP Request,Non HTTP response code: java.net.SocketException,Non HTTP response message: Socket closed,Thread Group 1-228,text,false,,2228,0,500,500,http://Result-Traffic-Cop-1338216547.eu-north-1.elb.amazonaws.com:8080/result/12345,0,0,8177
1777276841564,5115,HTTP Request,Non HTTP response code: java.net.SocketException,Non HTTP response message: Socket closed,Thread Group 1-449,text,false,,2228,0,500,500,http://Result-Traffic-Cop-1338216547.eu-north-1.elb.amazonaws.com:8080/result/12345,0,0,5115
1777276839038,7598,HTTP Request,Non HTTP response code: java.net.SocketException,Non HTTP response message: Socket closed,Thread Group 1-242,text,false,,2228,0,500,500,http://Result-Traffic-Cop-1338216547.eu-north-1.elb.amazonaws.com:8080/result/12345,0,0,7598
1777276838508,8141,HTTP Request,Non HTTP response code: java.net.SocketException,Non HTTP response message: Socket closed,Thread Group 1-58,text,false,,2228,0,500,500,http://Result-Traffic-Cop-1338216547.eu-north-1.elb.amazonaws.com:8080/result/12345,0,0,8141
1777276838729,7913,HTTP Request,Non HTTP response code: java.net.SocketException,Non HTTP response message: Socket closed,Thread Group 1-7,text,false,,2228,0,500,500,http://Result-Traffic-Cop-1338216547.eu-north-1.elb.amazonaws.com:8080/result/12345,0,0,7913
1777276838592,8096,HTTP Request,Non HTTP response code: java.net.SocketException,Non HTTP response message: Socket closed,Thread Group 1-212,text,false,,2228,0,500,500,http://Result-Traffic-Cop-1338216547.eu-north-1.elb.amazonaws.com:8080/result/12345,0,0,8096
1777276838608,8038,HTTP Request,Non HTTP response code: java.net.SocketException,Non HTTP response message: Socket closed,Thread Group 1-191,text,false,,2228,0,500,500,http://Result-Traffic-Cop-1338216547.eu-north-1.elb.amazonaws.com:8080/result/12345,0,0,8038
1777276840512,6133,HTTP Request,Non HTTP response code: java.net.SocketException,Non HTTP response message: Socket closed,Thread Group 1-336,text,false,,2228,0,500,500,http://Result-Traffic-Cop-1338216547.eu-north-1.elb.amazonaws.com:8080/result/12345,0,0,6133
1777276838896,7889,HTTP Request,Non HTTP response code: java.net.SocketException,Non HTTP response message: Socket closed,Thread Group 1-206,text,false,,2228,0,441,441,http://Result-Traffic-Cop-1338216547.eu-north-1.elb.amazonaws.com:8080/result/12345,0,0,7889
1777276841444,5342,HTTP Request,Non HTTP response code: java.net.SocketException,Non HTTP response message: Socket closed,Thread Group 1-434,text,false,,2228,0,441,441,http://Result-Traffic-Cop-1338216547.eu-north-1.elb.amazonaws.com:8080/result/12345,0,0,5342
1777276838594,8197,HTTP Request,Non HTTP response code: java.net.SocketException,Non HTTP response message: Socket closed,Thread Group 1-194,text,false,,2228,0,431,431,http://Result-Traffic-Cop-1338216547.eu-north-1.elb.amazonaws.com:8080/result/12345,0,0,8197
1777276841189,5610,HTTP Request,Non HTTP response code: java.net.SocketException,Non HTTP response message: Socket closed,Thread Group 1-399,text,false,,2228,0,430,430,http://Result-Traffic-Cop-1338216547.eu-north-1.elb.amazonaws.com:8080/result/12345,0,0,5610
1777276838691,8110,HTTP Request,Non HTTP response code: java.net.SocketException,Non HTTP response message: Socket closed,Thread Group 1-178,text,false,,2228,0,430,430,http://Result-Traffic-Cop-1338216547.eu-north-1.elb.amazonaws.com:8080/result/12345,0,0,8110
1777276839778,7024,HTTP Request,Non HTTP response code: java.net.SocketException,Non HTTP response message: Socket closed,Thread Group 1-264,text,false,,2228,0,428,428,http://Result-Traffic-Cop-1338216547.eu-north-1.elb.amazonaws.com:8080/result/12345,0,0,7024
1777276838603,8204,HTTP Request,Non HTTP response code: java.net.SocketException,Non HTTP response message: Socket closed,Thread Group 1-234,text,false,,2228,0,427,427,http://Result-Traffic-Cop-1338216547.eu-north-1.elb.amazonaws.com:8080/result/12345,0,0,8204
1777276841584,5221,HTTP Request,Non HTTP response code: java.net.SocketException,Non HTTP response message: Socket closed,Thread Group 1-452,text,false,,2228,0,427,427,http://Result-Traffic-Cop-1338216547.eu-north-1.elb.amazonaws.com:8080/result/12345,0,0,5221
1777276841733,5073,HTTP Request,Non HTTP response code: java.net.SocketException,Non HTTP response message: Socket closed,Thread Group 1-463,text,false,,2228,0,427,427,http://Result-Traffic-Cop-1338216547.eu-north-1.elb.amazonaws.com:8080/result/12345,0,0,5073
1777276838603,8205,HTTP Request,Non HTTP response code: java.net.SocketException,Non HTTP response message: Socket closed,Thread Group 1-173,text,false,,2228,0,427,427,http://Result-Traffic-Cop-1338216547.eu-north-1.elb.amazonaws.com:8080/result/12345,0,0,8205
1777276838779,8030,HTTP Request,Non HTTP response code: java.net.SocketException,Non HTTP response message: Socket closed,Thread Group 1-111,text,false,,2228,0,426,426,http://Result-Traffic-Cop-1338216547.eu-north-1.elb.amazonaws.com:8080/result/12345,0,0,8030
1777276838784,8026,HTTP Request,Non HTTP response code: java.net.SocketException,Non HTTP response message: Socket closed,Thread Group 1-14,text,false,,2228,0,422,422,http://Result-Traffic-Cop-1338216547.eu-north-1.elb.amazonaws.com:8080/result/12345,0,0,8026
1777276838810,8001,HTTP Request,Non HTTP response code: java.net.SocketException,Non HTTP response message: Socket closed,Thread Group 1-239,text,false,,2228,0,422,422,http://Result-Traffic-Cop-1338216547.eu-north-1.elb.amazonaws.com:8080/result/12345,0,0,8001
1777276838697,8115,HTTP Request,Non HTTP response code: java.net.SocketException,Non HTTP response message: Socket closed,Thread Group 1-22,text,false,,2228,0,422,422,http://Result-Traffic-Cop-1338216547.eu-north-1.elb.amazonaws.com:8080/result/12345,0,0,8115
1777276838561,8255,HTTP Request,Non HTTP response code: java.net.SocketException,Non HTTP response message: Socket closed,Thread Group 1-27,text,false,,2228,0,419,419,http://Result-Traffic-Cop-1338216547.eu-north-1.elb.amazonaws.com:8080/result/12345,0,0,8255
1777276838791,8026,HTTP Request,Non HTTP response code: java.net.SocketException,Non HTTP response message: Socket closed,Thread Group 1-47,text,false,,2228,0,419,419,http://Result-Traffic-Cop-1338216547.eu-north-1.elb.amazonaws.com:8080/result/12345,0,0,8025
1777276841510,5318,HTTP Request,Non HTTP response code: java.net.SocketException,Non HTTP response message: Socket closed,Thread Group 1-439,text,false,,2228,0,417,417,http://Result-Traffic-Cop-1338216547.eu-north-1.elb.amazonaws.com:8080/result/12345,0,0,5318
1777276841654,5176,HTTP Request,Non HTTP response code: java.net.SocketException,Non HTTP response message: Socket closed,Thread Group 1-459,text,false,,2228,0,416,416,http://Result-Traffic-Cop-1338216547.eu-north-1.elb.amazonaws.com:8080/result/12345,0,0,5176
1777276839792,7041,HTTP Request,Non HTTP response code: java.net.SocketException,Non HTTP response message: Socket closed,Thread Group 1-276,text,false,,2228,0,415,415,http://Result-Traffic-Cop-1338216547.eu-north-1.elb.amazonaws.com:8080/result/12345,0,0,7041
1777276840938,5893,HTTP Request,Non HTTP response code: java.net.SocketException,Non HTTP response message: Socket closed,Thread Group 1-374,text,false,,2228,0,415,415,http://Result-Traffic-Cop-1338216547.eu-north-1.elb.amazonaws.com:8080/result/12345,0,0,5893
1777276838888,7943,HTTP Request,Non HTTP response code: java.net.SocketException,Non HTTP response message: Socket closed,Thread Group 1-204,text,false,,2228,0,415,415,http://Result-Traffic-Cop-1338216547.eu-north-1.elb.amazonaws.com:8080/result/12345,0,0,7943
1777276841760,5071,HTTP Request,Non HTTP response code: java.net.SocketException,Non HTTP response message: Socket closed,Thread Group 1-479,text,false,,2228,0,412,412,http://Result-Traffic-Cop-1338216547.eu-north-1.elb.amazonaws.com:8080/result/12345,0,0,5071
1777276839994,6845,HTTP Request,Non HTTP response code: java.net.SocketException,Non HTTP response message: Socket closed,Thread Group 1-285,text,false,,2228,0,411,411,http://Result-Traffic-Cop-1338216547.eu-north-1.elb.amazonaws.com:8080/result/12345,0,0,6845
1777276841004,5839,HTTP Request,Non HTTP response code: java.net.SocketException,Non HTTP response message: Socket closed,Thread Group 1-380,text,false,,2228,0,410,410,http://Result-Traffic-Cop-1338216547.eu-north-1.elb.amazonaws.com:8080/result/12345,0,0,5839
1777276841785,5059,HTTP Request,Non HTTP response code: java.net.SocketException,Non HTTP response message: Socket closed,Thread Group 1-473,text,false,,2228,0,409,409,http://Result-Traffic-Cop-1338216547.eu-north-1.elb.amazonaws.com:8080/result/12345,0,0,5058
1777276841543,5300,HTTP Request,Non HTTP response code: java.net.SocketException,Non HTTP response message: Socket closed,Thread Group 1-444,text,false,,2228,0,409,409,http://Result-Traffic-Cop-1338216547.eu-north-1.elb.amazonaws.com:8080/result/12345,0,0,5300
1777276838637,8215,HTTP Request,Non HTTP response code: java.net.SocketException,Non HTTP response message: Socket closed,Thread Group 1-46,text,false,,2228,0,407,407,http://Result-Traffic-Cop-1338216547.eu-north-1.elb.amazonaws.com:8080/result/12345,0,0,8215
1777276841785,5069,HTTP Request,Non HTTP response code: java.net.SocketException,Non HTTP response message: Socket closed,Thread Group 1-471,text,false,,2228,0,406,406,http://Result-Traffic-Cop-1338216547.eu-north-1.elb.amazonaws.com:8080/result/12345,0,0,5069
1777276838511,8345,HTTP Request,Non HTTP response code: java.net.SocketException,Non HTTP response message: Socket closed,Thread Group 1-50,text,false,,2228,0,405,405,http://Result-Traffic-Cop-1338216547.eu-north-1.elb.amazonaws.com:8080/result/12345,0,0,8345
1777276838884,7978,HTTP Request,Non HTTP response code: java.net.SocketException,Non HTTP response message: Socket closed,Thread Group 1-20,text,false,,2228,0,404,404,http://Result-Traffic-Cop-1338216547.eu-north-1.elb.amazonaws.com:8080/result/12345,0,0,7977
1777276838621,8243,HTTP Request,Non HTTP response code: java.net.SocketException,Non HTTP response message: Socket closed,Thread Group 1-74,text,false,,2228,0,404,404,http://Result-Traffic-Cop-1338216547.eu-north-1.elb.amazonaws.com:8080/result/12345,0,0,8243
1777276838795,8073,HTTP Request,Non HTTP response code: java.net.SocketException,Non HTTP response message: Socket closed,Thread Group 1-149,text,false,,2228,0,402,402,http://Result-Traffic-Cop-1338216547.eu-north-1.elb.amazonaws.com:8080/result/12345,0,0,8073
1777276840921,5946,HTTP Request,Non HTTP response code: java.net.SocketException,Non HTTP response message: Socket closed,Thread Group 1-373,text,false,,2228,0,402,402,http://Result-Traffic-Cop-1338216547.eu-north-1.elb.amazonaws.com:8080/result/12345,0,0,5946
1777276840755,6112,HTTP Request,Non HTTP response code: java.net.SocketException,Non HTTP response message: Socket closed,Thread Group 1-354,text,false,,2228,0,402,402,http://Result-Traffic-Cop-1338216547.eu-north-1.elb.amazonaws.com:8080/result/12345,0,0,6112
1777276841801,5068,HTTP Request,Non HTTP response code: java.net.SocketException,Non HTTP response message: Socket closed,Thread Group 1-467,text,false,,2228,0,399,399,http://Result-Traffic-Cop-1338216547.eu-north-1.elb.amazonaws.com:8080/result/12345,0,0,5068
1777276838714,8161,HTTP Request,Non HTTP response code: java.net.SocketException,Non HTTP response message: Socket closed,Thread Group 1-157,text,false,,2228,0,398,398,http://Result-Traffic-Cop-1338216547.eu-north-1.elb.amazonaws.com:8080/result/12345,0,0,8161
1777276840281,6598,HTTP Request,Non HTTP response code: java.net.SocketException,Non HTTP response message: Socket closed,Thread Group 1-321,text,false,,2228,0,397,397,http://Result-Traffic-Cop-1338216547.eu-north-1.elb.amazonaws.com:8080/result/12345,0,0,6598
1777276838763,8117,HTTP Request,Non HTTP response code: java.net.SocketException,Non HTTP response message: Socket closed,Thread Group 1-165,text,false,,2228,0,397,397,http://Result-Traffic-Cop-1338216547.eu-north-1.elb.amazonaws.com:8080/result/12345,0,0,8117
1777276838644,8240,HTTP Request,Non HTTP response code: java.net.SocketException,Non HTTP response message: Socket closed,Thread Group 1-209,text,false,,2228,0,396,396,http://Result-Traffic-Cop-1338216547.eu-north-1.elb.amazonaws.com:8080/result/12345,0,0,8240
1777276838899,7987,HTTP Request,Non HTTP response code: java.net.SocketException,Non HTTP response message: Socket closed,Thread Group 1-175,text,false,,2228,0,395,395,http://Result-Traffic-Cop-1338216547.eu-north-1.elb.amazonaws.com:8080/result/12345,0,0,7987
1777276838800,8089,HTTP Request,Non HTTP response code: java.net.SocketException,Non HTTP response message: Socket closed,Thread Group 1-155,text,false,,2228,0,394,394,http://Result-Traffic-Cop-1338216547.eu-north-1.elb.amazonaws.com:8080/result/12345,0,0,8089
1777276838565,8318,HTTP Request,Non HTTP response code: java.net.SocketException,Non HTTP response message: Socket closed,Thread Group 1-232,text,false,,2228,0,397,397,http://Result-Traffic-Cop-1338216547.eu-north-1.elb.amazonaws.com:8080/result/12345,0,0,8318
1777276838508,8382,HTTP Request,Non HTTP response code: java.net.SocketException,Non HTTP response message: Socket closed,Thread Group 1-15,text,false,,2228,0,391,391,http://Result-Traffic-Cop-1338216547.eu-north-1.elb.amazonaws.com:8080/result/12345,0,0,8382
1777276839945,6947,HTTP Request,Non HTTP response code: java.net.SocketException,Non HTTP response message: Socket closed,Thread Group 1-283,text,false,,2228,0,391,391,http://Result-Traffic-Cop-1338216547.eu-north-1.elb.amazonaws.com:8080/result/12345,0,0,6947
1777276838750,8143,HTTP Request,Non HTTP response code: java.net.SocketException,Non HTTP response message: Socket closed,Thread Group 1-238,text,false,,2228,0,391,391,http://Result-Traffic-Cop-1338216547.eu-north-1.elb.amazonaws.com:8080/result/12345,0,0,8143
1777276841375,5516,HTTP Request,Non HTTP response code: java.net.SocketException,Non HTTP response message: Socket closed,Thread Group 1-424,text,false,,2228,0,391,391,http://Result-Traffic-Cop-1338216547.eu-north-1.elb.amazonaws.com:8080/result/12345,0,0,5516
1777276841574,5318,HTTP Request,Non HTTP response code: java.net.SocketException,Non HTTP response message: Socket closed,Thread Group 1-450,text,false,,2228,0,390,390,http://Result-Traffic-Cop-1338216547.eu-north-1.elb.amazonaws.com:8080/result/12345,0,0,5318
1777276838607,8290,HTTP Request,Non HTTP response code: java.net.SocketException,Non HTTP response message: Socket closed,Thread Group 1-70,text,false,,2228,0,386,386,http://Result-Traffic-Cop-1338216547.eu-north-1.elb.amazonaws.com:8080/result/12345,0,0,8290
1777276838776,8123,HTTP Request,Non HTTP response code: java.net.SocketException,Non HTTP response message: Socket closed,Thread Group 1-107,text,false,,2228,0,386,386,http://Result-Traffic-Cop-1338216547.eu-north-1.elb.amazonaws.com:8080/result/12345,0,0,8123
1777276840645,6260,HTTP Request,Non HTTP response code: java.net.SocketException,Non HTTP response message: Socket closed,Thread Group 1-344,text,false,,2228,0,384,384,http://Result-Traffic-Cop-1338216547.eu-north-1.elb.amazonaws.com:8080/result/12345,0,0,6260
1777276840579,6327,HTTP Request,Non HTTP response code: java.net.SocketException,Non HTTP response message: Socket closed,Thread Group 1-339,text,false,,2228,0,384,384,http://Result-Traffic-Cop-1338216547.eu-north-1.elb.amazonaws.com:8080/result/12345,0,0,6327
1777276840058,6846,HTTP Request,Non HTTP response code: java.net.SocketException,Non HTTP response message: Socket closed,Thread Group 1-290,text,false,,2228,0,383,383,http://Result-Traffic-Cop-1338216547.eu-north-1.elb.amazonaws.com:8080/result/12345,0,0,6846
1777276839715,7194,HTTP Request,Non HTTP response code: java.net.SocketException,Non HTTP response message: Socket closed,Thread Group 1-269,text,false,,2228,0,381,381,http://Result-Traffic-Cop-1338216547.eu-north-1.elb.amazonaws.com:8080/result/12345,0,0,7194
1777276841319,5584,HTTP Request,Non HTTP response code: java.net.SocketException,Non HTTP response message: Socket closed,Thread Group 1-419,text,false,,2228,0,381,381,http://Result-Traffic-Cop-1338216547.eu-north-1.elb.amazonaws.com:8080/result/12345,0,0,5584
1777276838662,8249,HTTP Request,Non HTTP response code: java.net.SocketException,Non HTTP response message: Socket closed,Thread Group 1-101,text,false,,2228,0,379,379,http://Result-Traffic-Cop-1338216547.eu-north-1.elb.amazonaws.com:8080/result/12345,0,0,8249
1777276838783,8126,HTTP Request,Non HTTP response code: java.net.SocketException,Non HTTP response message: Socket closed,Thread Group 1-140,text,false,,2228,0,379,379,http://Result-Traffic-Cop-1338216547.eu-north-1.elb.amazonaws.com:8080/result/12345,0,0,8126
1777276838511,8407,HTTP Request,Non HTTP response code: java.net.SocketException,Non HTTP response message: Socket closed,Thread Group 1-196,text,false,,2228,0,377,377,http://Result-Traffic-Cop-1338216547.eu-north-1.elb.amazonaws.com:8080/result/12345,0,0,8407
1777276838457,8460,HTTP Request,Non HTTP response code: java.net.SocketException,Non HTTP response message: Socket closed,Thread Group 1-215,text,false,,2228,0,377,377,http://Result-Traffic-Cop-1338216547.eu-north-1.elb.amazonaws.com:8080/result/12345,0,0,8460
1777276838524,8395,HTTP Request,Non HTTP response code: java.net.SocketException,Non HTTP response message: Socket closed,Thread Group 1-163,text,false,,2228,0,376,376,http://Result-Traffic-Cop-1338216547.eu-north-1.elb.amazonaws.com:8080/result/12345,0,0,8395
1777276838453,8459,HTTP Request,Non HTTP response code: java.net.SocketException,Non HTTP response message: Socket closed,Thread Group 1-218,text,false,,2228,0,378,378,http://Result-Traffic-Cop-1338216547.eu-north-1.elb.amazonaws.com:8080/result/12345,0,0,8459
1777276839717,7204,HTTP Request,Non HTTP response code: java.net.SocketException,Non HTTP response message: Socket closed,Thread Group 1-258,text,false,,2228,0,374,374,http://Result-Traffic-Cop-1338216547.eu-north-1.elb.amazonaws.com:8080/result/12345,0,0,7204
1777276840083,6842,HTTP Request,Non HTTP response code: java.net.SocketException,Non HTTP response message: Socket closed,Thread Group 1-293,text,false,,2228,0,372,372,http://Result-Traffic-Cop-1338216547.eu-north-1.elb.amazonaws.com:8080/result/12345,0,0,6842
1777276839048,7875,HTTP Request,Non HTTP response code: java.net.SocketException,Non HTTP response message: Socket closed,Thread Group 1-243,text,false,,2228,0,372,372,http://Result-Traffic-Cop-1338216547.eu-north-1.elb.amazonaws.com:8080/result/12345,0,0,7875
1777276840802,6125,HTTP Request,Non HTTP response code: java.net.SocketException,Non HTTP response message: Socket closed,Thread Group 1-362,text,false,,2228,0,371,371,http://Result-Traffic-Cop-1338216547.eu-north-1.elb.amazonaws.com:8080/result/12345,0,0,6125
1777276838735,8193,HTTP Request,Non HTTP response code: java.net.SocketException,Non HTTP response message: Socket closed,Thread Group 1-160,text,false,,2228,0,369,369,http://Result-Traffic-Cop-1338216547.eu-north-1.elb.amazonaws.com:8080/result/12345,0,0,8193
1777276838501,8428,HTTP Request,Non HTTP response code: java.net.SocketException,Non HTTP response message: Socket closed,Thread Group 1-230,text,false,,2228,0,369,369,http://Result-Traffic-Cop-1338216547.eu-north-1.elb.amazonaws.com:8080/result/12345,0,0,8428
1777276841278,5646,HTTP Request,Non HTTP response code: java.net.SocketException,Non HTTP response message: Socket closed,Thread Group 1-411,text,false,,2228,0,370,370,http://Result-Traffic-Cop-1338216547.eu-north-1.elb.amazonaws.com:8080/result/12345,0,0,5646
1777276839883,7049,HTTP Request,Non HTTP response code: java.net.SocketException,Non HTTP response message: Socket closed,Thread Group 1-282,text,false,,2228,0,366,366,http://Result-Traffic-Cop-1338216547.eu-north-1.elb.amazonaws.com:8080/result/12345,0,0,7049
1777276839221,7716,HTTP Request,Non HTTP response code: java.net.SocketException,Non HTTP response message: Socket closed,Thread Group 1-253,text,false,,2228,0,365,365,http://Result-Traffic-Cop-1338216547.eu-north-1.elb.amazonaws.com:8080/result/12345,0,0,7715
1777276838578,8366,HTTP Request,Non HTTP response code: java.net.SocketException,Non HTTP response message: Socket closed,Thread Group 1-109,text,false,,2228,0,364,364,http://Result-Traffic-Cop-1338216547.eu-north-1.elb.amazonaws.com:8080/result/12345,0,0,8366
1777276838508,8438,HTTP Request,Non HTTP response code: java.net.SocketException,Non HTTP response message: Socket closed,Thread Group 1-30,text,false,,2228,0,363,363,http://Result-Traffic-Cop-1338216547.eu-north-1.elb.amazonaws.com:8080/result/12345,0,0,8437
1777276841559,5389,HTTP Request,Non HTTP response code: java.net.SocketException,Non HTTP response message: Socket closed,Thread Group 1-448,text,false,,2228,0,363,363,http://Result-Traffic-Cop-1338216547.eu-north-1.elb.amazonaws.com:8080/result/12345,0,0,5389
1777276838601,8350,HTTP Request,Non HTTP response code: java.net.SocketException,Non HTTP response message: Socket closed,Thread Group 1-26,text,false,,2228,0,361,361,http://Result-Traffic-Cop-1338216547.eu-north-1.elb.amazonaws.com:8080/result/12345,0,0,8350
1777276840183,6770,HTTP Request,Non HTTP response code: java.net.SocketException,Non HTTP response message: Socket closed,Thread Group 1-305,text,false,,2228,0,361,361,http://Result-Traffic-Cop-1338216547.eu-north-1.elb.amazonaws.com:8080/result/12345,0,0,6770
1777276840158,6796,HTTP Request,Non HTTP response code: java.net.SocketException,Non HTTP response message: Socket closed,Thread Group 1-302,text,false,,2228,0,361,361,http://Result-Traffic-Cop-1338216547.eu-north-1.elb.amazonaws.com:8080/result/12345,0,0,6796
1777276841372,5585,HTTP Request,Non HTTP response code: java.net.SocketException,Non HTTP response message: Socket closed,Thread Group 1-425,text,false,,2228,0,358,358,http://Result-Traffic-Cop-1338216547.eu-north-1.elb.amazonaws.com:8080/result/12345,0,0,5585
1777276838549,8409,HTTP Request,Non HTTP response code: java.net.SocketException,Non HTTP response message: Socket closed,Thread Group 1-133,text,false,,2228,0,358,358,http://Result-Traffic-Cop-1338216547.eu-north-1.elb.amazonaws.com:8080/result/12345,0,0,8409
1777276838650,8310,HTTP Request,Non HTTP response code: java.net.SocketException,Non HTTP response message: Socket closed,Thread Group 1-2,text,false,,2228,0,356,356,http://Result-Traffic-Cop-1338216547.eu-north-1.elb.amazonaws.com:8080/result/12345,0,0,8310
1777276838722,8239,HTTP Request,Non HTTP response code: java.net.SocketException,Non HTTP response message: Socket closed,Thread Group 1-4,text,false,,2228,0,356,356,http://Result-Traffic-Cop-1338216547.eu-north-1.elb.amazonaws.com:8080/result/12345,0,0,8239
1777276838594,8367,HTTP Request,Non HTTP response code: java.net.SocketException,Non HTTP response message: Socket closed,Thread Group 1-75,text,false,,2228,0,354,354,http://Result-Traffic-Cop-1338216547.eu-north-1.elb.amazonaws.com:8080/result/12345,0,0,8367
1777276838897,8067,HTTP Request,Non HTTP response code: java.net.SocketException,Non HTTP response message: Socket closed,Thread Group 1-222,text,false,,2228,0,353,353,http://Result-Traffic-Cop-1338216547.eu-north-1.elb.amazonaws.com:8080/result/12345,0,0,8067
1777276840446,6521,HTTP Request,Non HTTP response code: java.net.SocketException,Non HTTP response message: Socket closed,Thread Group 1-330,text,false,,2228,0,352,352,http://Result-Traffic-Cop-1338216547.eu-north-1.elb.amazonaws.com:8080/result/12345,0,0,6521
1777276838609,8358,HTTP Request,Non HTTP response code: java.net.SocketException,Non HTTP response message: Socket closed,Thread Group 1-97,text,false,,2228,0,352,352,http://Result-Traffic-Cop-1338216547.eu-north-1.elb.amazonaws.com:8080/result/12345,0,0,8358
1777276841289,5682,HTTP Request,Non HTTP response code: java.net.SocketException,Non HTTP response message: Socket closed,Thread Group 1-415,text,false,,2228,0,351,351,http://Result-Traffic-Cop-1338216547.eu-north-1.elb.amazonaws.com:8080/result/12345,0,0,5682
1777276838513,8459,HTTP Request,Non HTTP response code: java.net.SocketException,Non HTTP response message: Socket closed,Thread Group 1-201,text,false,,2228,0,349,349,http://Result-Traffic-Cop-1338216547.eu-north-1.elb.amazonaws.com:8080/result/12345,0,0,8459
1777276838794,8183,HTTP Request,Non HTTP response code: java.net.SocketException,Non HTTP response message: Socket closed,Thread Group 1-186,text,false,,2228,0,348,348,http://Result-Traffic-Cop-1338216547.eu-north-1.elb.amazonaws.com:8080/result/12345,0,0,8183
1777276840115,6864,HTTP Request,Non HTTP response code: java.net.SocketException,Non HTTP response message: Socket closed,Thread Group 1-296,text,false,,2228,0,347,347,http://Result-Traffic-Cop-1338216547.eu-north-1.elb.amazonaws.com:8080/result/12345,0,0,6864
1777276838731,8250,HTTP Request,Non HTTP response code: java.net.SocketException,Non HTTP response message: Socket closed,Thread Group 1-126,text,false,,2228,0,346,346,http://Result-Traffic-Cop-1338216547.eu-north-1.elb.amazonaws.com:8080/result/12345,0,0,8250
1777276841950,5030,HTTP Request,Non HTTP response code: java.net.SocketException,Non HTTP response message: Socket closed,Thread Group 1-494,text,false,,2228,0,346,346,http://Result-Traffic-Cop-1338216547.eu-north-1.elb.amazonaws.com:8080/result/12345,0,0,5030
1777276841627,5358,HTTP Request,Non HTTP response code: java.net.SocketException,Non HTTP response message: Socket closed,Thread Group 1-455,text,false,,2228,0,344,344,http://Result-Traffic-Cop-1338216547.eu-north-1.elb.amazonaws.com:8080/result/12345,0,0,5358
1777276840828,6158,HTTP Request,Non HTTP response code: java.net.SocketException,Non HTTP response message: Socket closed,Thread Group 1-364,text,false,,2228,0,344,344,http://Result-Traffic-Cop-1338216547.eu-north-1.elb.amazonaws.com:8080/result/12345,0,0,6158
1777276838895,8093,HTTP Request,Non HTTP response code: java.net.SocketException,Non HTTP response message: Socket closed,Thread Group 1-67,text,false,,2228,0,342,342,http://Result-Traffic-Cop-1338216547.eu-north-1.elb.amazonaws.com:8080/result/12345,0,0,8093
1777276838451,8539,HTTP Request,Non HTTP response code: java.net.SocketException,Non HTTP response message: Socket closed,Thread Group 1-223,text,false,,2228,0,341,341,http://Result-Traffic-Cop-1338216547.eu-north-1.elb.amazonaws.com:8080/result/12345,0,0,8539
1777276838718,8276,HTTP Request,Non HTTP response code: java.net.SocketException,Non HTTP response message: Socket closed,Thread Group 1-29,text,false,,2228,0,340,340,http://Result-Traffic-Cop-1338216547.eu-north-1.elb.amazonaws.com:8080/result/12345,0,0,8275
1777276840129,6866,HTTP Request,Non HTTP response code: java.net.SocketException,Non HTTP response message: Socket closed,Thread Group 1-300,text,false,,2228,0,340,340,http://Result-Traffic-Cop-1338216547.eu-north-1.elb.amazonaws.com:8080/result/12345,0,0,6866
1777276841736,5261,HTTP Request,Non HTTP response code: java.net.SocketException,Non HTTP response message: Socket closed,Thread Group 1-482,text,false,,2228,0,340,340,http://Result-Traffic-Cop-1338216547.eu-north-1.elb.amazonaws.com:8080/result/12345,0,0,5260
1777276841314,5686,HTTP Request,Non HTTP response code: java.net.SocketException,Non HTTP response message: Socket closed,Thread Group 1-417,text,false,,2228,0,339,339,http://Result-Traffic-Cop-1338216547.eu-north-1.elb.amazonaws.com:8080/result/12345,0,0,5686
1777276838761,8240,HTTP Request,Non HTTP response code: java.net.SocketException,Non HTTP response message: Socket closed,Thread Group 1-169,text,false,,2228,0,336,336,http://Result-Traffic-Cop-1338216547.eu-north-1.elb.amazonaws.com:8080/result/12345,0,0,8240
1777276838517,8489,HTTP Request,Non HTTP response code: java.net.SocketException,Non HTTP response message: Socket closed,Thread Group 1-71,text,false,,2228,0,335,335,http://Result-Traffic-Cop-1338216547.eu-north-1.elb.amazonaws.com:8080/result/12345,0,0,8488
1777276838603,8401,HTTP Request,Non HTTP response code: java.net.SocketException,Non HTTP response message: Socket closed,Thread Group 1-185,text,false,,2228,0,335,335,http://Result-Traffic-Cop-1338216547.eu-north-1.elb.amazonaws.com:8080/result/12345,0,0,8401
1777276840722,6280,HTTP Request,Non HTTP response code: java.net.SocketException,Non HTTP response message: Socket closed,Thread Group 1-351,text,false,,2228,0,335,335,http://Result-Traffic-Cop-1338216547.eu-north-1.elb.amazonaws.com:8080/result/12345,0,0,6280
1777276838560,8449,HTTP Request,Non HTTP response code: java.net.SocketException,Non HTTP response message: Socket closed,Thread Group 1-35,text,false,,2228,0,332,332,http://Result-Traffic-Cop-1338216547.eu-north-1.elb.amazonaws.com:8080/result/12345,0,0,8449
1777276838881,8126,HTTP Request,Non HTTP response code: java.net.SocketException,Non HTTP response message: Socket closed,Thread Group 1-221,text,false,,2228,0,332,332,http://Result-Traffic-Cop-1338216547.eu-north-1.elb.amazonaws.com:8080/result/12345,0,0,8126
1777276840152,6858,HTTP Request,Non HTTP response code: java.net.SocketException,Non HTTP response message: Socket closed,Thread Group 1-306,text,false,,2228,0,331,331,http://Result-Traffic-Cop-1338216547.eu-north-1.elb.amazonaws.com:8080/result/12345,0,0,6858
1777276841125,5888,HTTP Request,Non HTTP response code: java.net.SocketException,Non HTTP response message: Socket closed,Thread Group 1-392,text,false,,2228,0,329,329,http://Result-Traffic-Cop-1338216547.eu-north-1.elb.amazonaws.com:8080/result/12345,0,0,5888
1777276839152,7862,HTTP Request,Non HTTP response code: java.net.SocketException,Non HTTP response message: Socket closed,Thread Group 1-246,text,false,,2228,0,328,328,http://Result-Traffic-Cop-1338216547.eu-north-1.elb.amazonaws.com:8080/result/12345,0,0,7862
1777276840967,6048,HTTP Request,Non HTTP response code: java.net.SocketException,Non HTTP response message: Socket closed,Thread Group 1-377,text,false,,2228,0,327,327,http://Result-Traffic-Cop-1338216547.eu-north-1.elb.amazonaws.com:8080/result/12345,0,0,6048
1777276840780,6236,HTTP Request,Non HTTP response code: java.net.SocketException,Non HTTP response message: Socket closed,Thread Group 1-358,text,false,,2228,0,327,327,http://Result-Traffic-Cop-1338216547.eu-north-1.elb.amazonaws.com:8080/result/12345,0,0,6236
1777276840105,6910,HTTP Request,Non HTTP response code: java.net.SocketException,Non HTTP response message: Socket closed,Thread Group 1-298,text,false,,2228,0,326,326,http://Result-Traffic-Cop-1338216547.eu-north-1.elb.amazonaws.com:8080/result/12345,0,0,6910
1777276838793,8223,HTTP Request,Non HTTP response code: java.net.SocketException,Non HTTP response message: Socket closed,Thread Group 1-188,text,false,,2228,0,324,324,http://Result-Traffic-Cop-1338216547.eu-north-1.elb.amazonaws.com:8080/result/12345,0,0,8223
1777276840289,6727,HTTP Request,Non HTTP response code: java.net.SocketException,Non HTTP response message: Socket closed,Thread Group 1-323,text,false,,2228,0,324,324,http://Result-Traffic-Cop-1338216547.eu-north-1.elb.amazonaws.com:8080/result/12345,0,0,6727
1777276838738,8274,HTTP Request,Non HTTP response code: java.net.SocketException,Non HTTP response message: Socket closed,Thread Group 1-108,text,false,,2228,0,324,324,http://Result-Traffic-Cop-1338216547.eu-north-1.elb.amazonaws.com:8080/result/12345,0,0,8274
1777276838477,8535,HTTP Request,Non HTTP response code: java.net.SocketException,Non HTTP response message: Socket closed,Thread Group 1-170,text,false,,2228,0,324,324,http://Result-Traffic-Cop-1338216547.eu-north-1.elb.amazonaws.com:8080/result/12345,0,0,8535
1777276838897,8123,HTTP Request,Non HTTP response code: java.net.SocketException,Non HTTP response message: Socket closed,Thread Group 1-95,text,false,,2228,0,323,323,http://Result-Traffic-Cop-1338216547.eu-north-1.elb.amazonaws.com:8080/result/12345,0,0,8123
1777276838599,8423,HTTP Request,Non HTTP response code: java.net.SocketException,Non HTTP response message: Socket closed,Thread Group 1-103,text,false,,2228,0,323,323,http://Result-Traffic-Cop-1338216547.eu-north-1.elb.amazonaws.com:8080/result/12345,0,0,8423
1777276838690,8333,HTTP Request,Non HTTP response code: java.net.SocketException,Non HTTP response message: Socket closed,Thread Group 1-166,text,false,,2228,0,321,321,http://Result-Traffic-Cop-1338216547.eu-north-1.elb.amazonaws.com:8080/result/12345,0,0,8333
1777276838657,8362,HTTP Request,Non HTTP response code: java.net.SocketException,Non HTTP response message: Socket closed,Thread Group 1-41,text,false,,2228,0,323,323,http://Result-Traffic-Cop-1338216547.eu-north-1.elb.amazonaws.com:8080/result/12345,0,0,8362
1777276840195,6838,HTTP Request,Non HTTP response code: java.net.SocketException,Non HTTP response message: Socket closed,Thread Group 1-309,text,false,,2228,0,316,316,http://Result-Traffic-Cop-1338216547.eu-north-1.elb.amazonaws.com:8080/result/12345,0,0,6838
1777276841261,5775,HTTP Request,Non HTTP response code: java.net.SocketException,Non HTTP response message: Socket closed,Thread Group 1-408,text,false,,2228,0,315,315,http://Result-Traffic-Cop-1338216547.eu-north-1.elb.amazonaws.com:8080/result/12345,0,0,5775
1777276838601,8438,HTTP Request,Non HTTP response code: java.net.SocketException,Non HTTP response message: Socket closed,Thread Group 1-51,text,false,,2228,0,314,314,http://Result-Traffic-Cop-1338216547.eu-north-1.elb.amazonaws.com:8080/result/12345,0,0,8438
1777276838649,8393,HTTP Request,Non HTTP response code: java.net.SocketException,Non HTTP response message: Socket closed,Thread Group 1-211,text,false,,2228,0,314,314,http://Result-Traffic-Cop-1338216547.eu-north-1.elb.amazonaws.com:8080/result/12345,0,0,8393
1777276838786,8254,HTTP Request,Non HTTP response code: java.net.SocketException,Non HTTP response message: Socket closed,Thread Group 1-146,text,false,,2228,0,314,314,http://Result-Traffic-Cop-1338216547.eu-north-1.elb.amazonaws.com:8080/result/12345,0,0,8254
1777276840860,6182,HTTP Request,Non HTTP response code: java.net.SocketException,Non HTTP response message: Socket closed,Thread Group 1-369,text,false,,2228,0,314,314,http://Result-Traffic-Cop-1338216547.eu-north-1.elb.amazonaws.com:8080/result/12345,0,0,6182
1777276841023,6021,HTTP Request,Non HTTP response code: java.net.SocketException,Non HTTP response message: Socket closed,Thread Group 1-387,text,false,,2228,0,310,310,http://Result-Traffic-Cop-1338216547.eu-north-1.elb.amazonaws.com:8080/result/12345,0,0,6021
1777276840560,6485,HTTP Request,Non HTTP response code: java.net.SocketException,Non HTTP response message: Socket closed,Thread Group 1-337,text,false,,2228,0,310,310,http://Result-Traffic-Cop-1338216547.eu-north-1.elb.amazonaws.com:8080/result/12345,0,0,6485
1777276839742,7308,HTTP Request,Non HTTP response code: java.net.SocketException,Non HTTP response message: Socket closed,Thread Group 1-257,text,false,,2228,0,308,308,http://Result-Traffic-Cop-1338216547.eu-north-1.elb.amazonaws.com:8080/result/12345,0,0,7308
1777276841654,5395,HTTP Request,Non HTTP response code: java.net.SocketException,Non HTTP response message: Socket closed,Thread Group 1-460,text,false,,2228,0,308,308,http://Result-Traffic-Cop-1338216547.eu-north-1.elb.amazonaws.com:8080/result/12345,0,0,5394
1777276838631,8426,HTTP Request,Non HTTP response code: java.net.SocketException,Non HTTP response message: Socket closed,Thread Group 1-32,text,false,,2228,0,306,306,http://Result-Traffic-Cop-1338216547.eu-north-1.elb.amazonaws.com:8080/result/12345,0,0,8425
1777276838667,8389,HTTP Request,Non HTTP response code: java.net.SocketException,Non HTTP response message: Socket closed,Thread Group 1-83,text,false,,2228,0,306,306,http://Result-Traffic-Cop-1338216547.eu-north-1.elb.amazonaws.com:8080/result/12345,0,0,8389
1777276838705,8353,HTTP Request,Non HTTP response code: java.net.SocketException,Non HTTP response message: Socket closed,Thread Group 1-90,text,false,,2228,0,304,304,http://Result-Traffic-Cop-1338216547.eu-north-1.elb.amazonaws.com:8080/result/12345,0,0,8353
1777276838587,8475,HTTP Request,Non HTTP response code: java.net.SocketException,Non HTTP response message: Socket closed,Thread Group 1-198,text,false,,2228,0,303,303,http://Result-Traffic-Cop-1338216547.eu-north-1.elb.amazonaws.com:8080/result/12345,0,0,8475
1777276840908,6156,HTTP Request,Non HTTP response code: java.net.SocketException,Non HTTP response message: Socket closed,Thread Group 1-372,text,false,,2228,0,302,302,http://Result-Traffic-Cop-1338216547.eu-north-1.elb.amazonaws.com:8080/result/12345,0,0,6156
1777276838515,8548,HTTP Request,Non HTTP response code: java.net.SocketException,Non HTTP response message: Socket closed,Thread Group 1-82,text,false,,2228,0,302,302,http://Result-Traffic-Cop-1338216547.eu-north-1.elb.amazonaws.com:8080/result/12345,0,0,8548
1777276838514,8548,HTTP Request,Non HTTP response code: java.net.SocketException,Non HTTP response message: Socket closed,Thread Group 1-105,text,false,,2228,0,302,302,http://Result-Traffic-Cop-1338216547.eu-north-1.elb.amazonaws.com:8080/result/12345,0,0,8548
1777276838547,8516,HTTP Request,Non HTTP response code: java.net.SocketException,Non HTTP response message: Socket closed,Thread Group 1-89,text,false,,2228,0,302,302,http://Result-Traffic-Cop-1338216547.eu-north-1.elb.amazonaws.com:8080/result/12345,0,0,8516
1777276840695,6375,HTTP Request,Non HTTP response code: java.net.SocketException,Non HTTP response message: Socket closed,Thread Group 1-348,text,false,,2228,0,298,298,http://Result-Traffic-Cop-1338216547.eu-north-1.elb.amazonaws.com:8080/result/12345,0,0,6375
1777276838687,8384,HTTP Request,Non HTTP response code: java.net.SocketException,Non HTTP response message: Socket closed,Thread Group 1-154,text,false,,2228,0,297,297,http://Result-Traffic-Cop-1338216547.eu-north-1.elb.amazonaws.com:8080/result/12345,0,0,8384
1777276838563,8511,HTTP Request,Non HTTP response code: java.net.SocketException,Non HTTP response message: Socket closed,Thread Group 1-158,text,false,,2228,0,296,296,http://Result-Traffic-Cop-1338216547.eu-north-1.elb.amazonaws.com:8080/result/12345,0,0,8511
1777276841505,5569,HTTP Request,Non HTTP response code: java.net.SocketException,Non HTTP response message: Socket closed,Thread Group 1-438,text,false,,2228,0,296,296,http://Result-Traffic-Cop-1338216547.eu-north-1.elb.amazonaws.com:8080/result/12345,0,0,5569
1777276841575,5501,HTTP Request,Non HTTP response code: java.net.SocketException,Non HTTP response message: Socket closed,Thread Group 1-451,text,false,,2228,0,295,295,http://Result-Traffic-Cop-1338216547.eu-north-1.elb.amazonaws.com:8080/result/12345,0,0,5501
1777276839736,7342,HTTP Request,Non HTTP response code: java.net.SocketException,Non HTTP response message: Socket closed,Thread Group 1-266,text,false,,2228,0,295,295,http://Result-Traffic-Cop-1338216547.eu-north-1.elb.amazonaws.com:8080/result/12345,0,0,7342
1777276839734,7349,HTTP Request,Non HTTP response code: java.net.SocketException,Non HTTP response message: Socket closed,Thread Group 1-267,text,false,,2228,0,294,294,http://Result-Traffic-Cop-1338216547.eu-north-1.elb.amazonaws.com:8080/result/12345,0,0,7349
1777276839184,7901,HTTP Request,Non HTTP response code: java.net.SocketException,Non HTTP response message: Socket closed,Thread Group 1-249,text,false,,2228,0,293,293,http://Result-Traffic-Cop-1338216547.eu-north-1.elb.amazonaws.com:8080/result/12345,0,0,7900
1777276838530,8553,HTTP Request,Non HTTP response code: java.net.SocketException,Non HTTP response message: Socket closed,Thread Group 1-147,text,false,,2228,0,293,293,http://Result-Traffic-Cop-1338216547.eu-north-1.elb.amazonaws.com:8080/result/12345,0,0,8553
1777276839746,7341,HTTP Request,Non HTTP response code: java.net.SocketException,Non HTTP response message: Socket closed,Thread Group 1-271,text,false,,2228,0,289,289,http://Result-Traffic-Cop-1338216547.eu-north-1.elb.amazonaws.com:8080/result/12345,0,0,7341
1777276838884,8200,HTTP Request,Non HTTP response code: java.net.SocketException,Non HTTP response message: Socket closed,Thread Group 1-99,text,false,,2228,0,289,289,http://Result-Traffic-Cop-1338216547.eu-north-1.elb.amazonaws.com:8080/result/12345,0,0,8200
1777276840610,6479,HTTP Request,Non HTTP response code: java.net.SocketException,Non HTTP response message: Socket closed,Thread Group 1-342,text,false,,2228,0,288,288,http://Result-Traffic-Cop-1338216547.eu-north-1.elb.amazonaws.com:8080/result/12345,0,0,6479
1777276841410,5677,HTTP Request,Non HTTP response code: java.net.SocketException,Non HTTP response message: Socket closed,Thread Group 1-430,text,false,,2228,0,288,288,http://Result-Traffic-Cop-1338216547.eu-north-1.elb.amazonaws.com:8080/result/12345,0,0,5677
1777276841248,5843,HTTP Request,Non HTTP response code: java.net.SocketException,Non HTTP response message: Socket closed,Thread Group 1-406,text,false,,2228,0,285,285,http://Result-Traffic-Cop-1338216547.eu-north-1.elb.amazonaws.com:8080/result/12345,0,0,5843
1777276838801,8291,HTTP Request,Non HTTP response code: java.net.SocketException,Non HTTP response message: Socket closed,Thread Group 1-119,text,false,,2228,0,285,285,http://Result-Traffic-Cop-1338216547.eu-north-1.elb.amazonaws.com:8080/result/12345,0,0,8291
1777276838648,8445,HTTP Request,Non HTTP response code: java.net.SocketException,Non HTTP response message: Socket closed,Thread Group 1-1,text,false,,2228,0,285,285,http://Result-Traffic-Cop-1338216547.eu-north-1.elb.amazonaws.com:8080/result/12345,0,0,8445
1777276838716,8378,HTTP Request,Non HTTP response code: java.net.SocketException,Non HTTP response message: Socket closed,Thread Group 1-96,text,false,,2228,0,282,282,http://Result-Traffic-Cop-1338216547.eu-north-1.elb.amazonaws.com:8080/result/12345,0,0,8378
1777276840229,6866,HTTP Request,Non HTTP response code: java.net.SocketException,Non HTTP response message: Socket closed,Thread Group 1-315,text,false,,2228,0,282,282,http://Result-Traffic-Cop-1338216547.eu-north-1.elb.amazonaws.com:8080/result/12345,0,0,6866
1777276838733,8362,HTTP Request,Non HTTP response code: java.net.SocketException,Non HTTP response message: Socket closed,Thread Group 1-64,text,false,,2228,0,280,280,http://Result-Traffic-Cop-1338216547.eu-north-1.elb.amazonaws.com:8080/result/12345,0,0,8362
1777276840271,6826,HTTP Request,Non HTTP response code: java.net.SocketException,Non HTTP response message: Socket closed,Thread Group 1-319,text,false,,2228,0,279,279,http://Result-Traffic-Cop-1338216547.eu-north-1.elb.amazonaws.com:8080/result/12345,0,0,6826
1777276840501,6597,HTTP Request,Non HTTP response code: java.net.SocketException,Non HTTP response message: Socket closed,Thread Group 1-332,text,false,,2228,0,279,279,http://Result-Traffic-Cop-1338216547.eu-north-1.elb.amazonaws.com:8080/result/12345,0,0,6597
1777276841614,5488,HTTP Request,Non HTTP response code: java.net.SocketException,Non HTTP response message: Socket closed,Thread Group 1-453,text,false,,2228,0,279,279,http://Result-Traffic-Cop-1338216547.eu-north-1.elb.amazonaws.com:8080/result/12345,0,0,5488
1777276840192,6910,HTTP Request,Non HTTP response code: java.net.SocketException,Non HTTP response message: Socket closed,Thread Group 1-311,text,false,,2228,0,279,279,http://Result-Traffic-Cop-1338216547.eu-north-1.elb.amazonaws.com:8080/result/12345,0,0,6910
1777276838663,8436,HTTP Request,Non HTTP response code: java.net.SocketException,Non HTTP response message: Socket closed,Thread Group 1-21,text,false,,2228,0,277,277,http://Result-Traffic-Cop-1338216547.eu-north-1.elb.amazonaws.com:8080/result/12345,0,0,8436
1777276838690,8411,HTTP Request,Non HTTP response code: java.net.SocketException,Non HTTP response message: Socket closed,Thread Group 1-18,text,false,,2228,0,276,276,http://Result-Traffic-Cop-1338216547.eu-north-1.elb.amazonaws.com:8080/result/12345,0,0,8411
1777276838886,8224,HTTP Request,Non HTTP response code: java.net.SocketException,Non HTTP response message: Socket closed,Thread Group 1-55,text,false,,2228,0,273,273,http://Result-Traffic-Cop-1338216547.eu-north-1.elb.amazonaws.com:8080/result/12345,0,0,8224
1777276841732,5380,HTTP Request,Non HTTP response code: java.net.SocketException,Non HTTP response message: Socket closed,Thread Group 1-483,text,false,,2228,0,272,272,http://Result-Traffic-Cop-1338216547.eu-north-1.elb.amazonaws.com:8080/result/12345,0,0,5380
1777276840870,6246,HTTP Request,Non HTTP response code: java.net.SocketException,Non HTTP response message: Socket closed,Thread Group 1-370,text,false,,2228,0,271,271,http://Result-Traffic-Cop-1338216547.eu-north-1.elb.amazonaws.com:8080/result/12345,0,0,6246
1777276841079,6043,HTTP Request,Non HTTP response code: java.net.SocketException,Non HTTP response message: Socket closed,Thread Group 1-390,text,false,,2228,0,270,270,http://Result-Traffic-Cop-1338216547.eu-north-1.elb.amazonaws.com:8080/result/12345,0,0,6043
1777276840771,6352,HTTP Request,Non HTTP response code: java.net.SocketException,Non HTTP response message: Socket closed,Thread Group 1-357,text,false,,2228,0,270,270,http://Result-Traffic-Cop-1338216547.eu-north-1.elb.amazonaws.com:8080/result/12345,0,0,6352
1777276838601,8524,HTTP Request,Non HTTP response code: java.net.SocketException,Non HTTP response message: Socket closed,Thread Group 1-78,text,false,,2228,0,268,268,http://Result-Traffic-Cop-1338216547.eu-north-1.elb.amazonaws.com:8080/result/12345,0,0,8524
1777276839805,7323,HTTP Request,Non HTTP response code: java.net.SocketException,Non HTTP response message: Socket closed,Thread Group 1-277,text,false,,2228,0,267,267,http://Result-Traffic-Cop-1338216547.eu-north-1.elb.amazonaws.com:8080/result/12345,0,0,7323
1777276838692,8437,HTTP Request,Non HTTP response code: java.net.SocketException,Non HTTP response message: Socket closed,Thread Group 1-142,text,false,,2228,0,266,266,http://Result-Traffic-Cop-1338216547.eu-north-1.elb.amazonaws.com:8080/result/12345,0,0,8437
1777276838585,8547,HTTP Request,Non HTTP response code: java.net.SocketException,Non HTTP response message: Socket closed,Thread Group 1-63,text,false,,2228,0,265,265,http://Result-Traffic-Cop-1338216547.eu-north-1.elb.amazonaws.com:8080/result/12345,0,0,8547
1777276838719,8414,HTTP Request,Non HTTP response code: java.net.SocketException,Non HTTP response message: Socket closed,Thread Group 1-81,text,false,,2228,0,265,265,http://Result-Traffic-Cop-1338216547.eu-north-1.elb.amazonaws.com:8080/result/12345,0,0,8414
1777276840890,6241,HTTP Request,Non HTTP response code: java.net.SocketException,Non HTTP response message: Socket closed,Thread Group 1-371,text,false,,2228,0,263,263,http://Result-Traffic-Cop-1338216547.eu-north-1.elb.amazonaws.com:8080/result/12345,0,0,6241
1777276840096,7038,HTTP Request,Non HTTP response code: java.net.SocketException,Non HTTP response message: Socket closed,Thread Group 1-294,text,false,,2228,0,263,263,http://Result-Traffic-Cop-1338216547.eu-north-1.elb.amazonaws.com:8080/result/12345,0,0,7037
1777276838583,8553,HTTP Request,Non HTTP response code: java.net.SocketException,Non HTTP response message: Socket closed,Thread Group 1-5,text,false,,2228,0,261,261,http://Result-Traffic-Cop-1338216547.eu-north-1.elb.amazonaws.com:8080/result/12345,0,0,8553
1777276840282,6858,HTTP Request,Non HTTP response code: java.net.SocketException,Non HTTP response message: Socket closed,Thread Group 1-322,text,false,,2228,0,260,260,http://Result-Traffic-Cop-1338216547.eu-north-1.elb.amazonaws.com:8080/result/12345,0,0,6857
1777276838515,8625,HTTP Request,Non HTTP response code: java.net.SocketException,Non HTTP response message: Socket closed,Thread Group 1-42,text,false,,2228,0,260,260,http://Result-Traffic-Cop-1338216547.eu-north-1.elb.amazonaws.com:8080/result/12345,0,0,8625
1777276840586,6557,HTTP Request,Non HTTP response code: java.net.SocketException,Non HTTP response message: Socket closed,Thread Group 1-340,text,false,,2228,0,258,258,http://Result-Traffic-Cop-1338216547.eu-north-1.elb.amazonaws.com:8080/result/12345,0,0,6557
1777276840655,6491,HTTP Request,Non HTTP response code: java.net.SocketException,Non HTTP response message: Socket closed,Thread Group 1-345,text,false,,2228,0,257,257,http://Result-Traffic-Cop-1338216547.eu-north-1.elb.amazonaws.com:8080/result/12345,0,0,6491
1777276841545,5600,HTTP Request,Non HTTP response code: java.net.SocketException,Non HTTP response message: Socket closed,Thread Group 1-445,text,false,,2228,0,256,256,http://Result-Traffic-Cop-1338216547.eu-north-1.elb.amazonaws.com:8080/result/12345,0,0,5600
1777276840961,6187,HTTP Request,Non HTTP response code: java.net.SocketException,Non HTTP response message: Socket closed,Thread Group 1-376,text,false,,2228,0,256,256,http://Result-Traffic-Cop-1338216547.eu-north-1.elb.amazonaws.com:8080/result/12345,0,0,6187
1777276838796,8355,HTTP Request,Non HTTP response code: java.net.SocketException,Non HTTP response message: Socket closed,Thread Group 1-183,text,false,,2228,0,254,254,http://Result-Traffic-Cop-1338216547.eu-north-1.elb.amazonaws.com:8080/result/12345,0,0,8355
1777276839777,7376,HTTP Request,Non HTTP response code: java.net.SocketException,Non HTTP response message: Socket closed,Thread Group 1-275,text,false,,2228,0,253,253,http://Result-Traffic-Cop-1338216547.eu-north-1.elb.amazonaws.com:8080/result/12345,0,0,7376
1777276838609,8546,HTTP Request,Non HTTP response code: java.net.SocketException,Non HTTP response message: Socket closed,Thread Group 1-168,text,false,,2228,0,252,252,http://Result-Traffic-Cop-1338216547.eu-north-1.elb.amazonaws.com:8080/result/12345,0,0,8546
1777276838595,8562,HTTP Request,Non HTTP response code: java.net.SocketException,Non HTTP response message: Socket closed,Thread Group 1-135,text,false,,2228,0,251,251,http://Result-Traffic-Cop-1338216547.eu-north-1.elb.amazonaws.com:8080/result/12345,0,0,8562
1777276841180,5981,HTTP Request,Non HTTP response code: java.net.SocketException,Non HTTP response message: Socket closed,Thread Group 1-398,text,false,,2228,0,250,250,http://Result-Traffic-Cop-1338216547.eu-north-1.elb.amazonaws.com:8080/result/12345,0,0,5981
1777276841407,5757,HTTP Request,Non HTTP response code: java.net.SocketException,Non HTTP response message: Socket closed,Thread Group 1-429,text,false,,2228,0,249,249,http://Result-Traffic-Cop-1338216547.eu-north-1.elb.amazonaws.com:8080/result/12345,0,0,5757
1777276841300,5865,HTTP Request,Non HTTP response code: java.net.SocketException,Non HTTP response message: Socket closed,Thread Group 1-413,text,false,,2228,0,249,249,http://Result-Traffic-Cop-1338216547.eu-north-1.elb.amazonaws.com:8080/result/12345,0,0,5865
1777276838582,8578,HTTP Request,Non HTTP response code: java.net.SocketException,Non HTTP response message: Socket closed,Thread Group 1-66,text,false,,2228,0,249,249,http://Result-Traffic-Cop-1338216547.eu-north-1.elb.amazonaws.com:8080/result/12345,0,0,8578
1777276838798,8370,HTTP Request,Non HTTP response code: java.net.SocketException,Non HTTP response message: Socket closed,Thread Group 1-120,text,false,,2228,0,246,246,http://Result-Traffic-Cop-1338216547.eu-north-1.elb.amazonaws.com:8080/result/12345,0,0,8370
1777276838582,8589,HTTP Request,Non HTTP response code: java.net.SocketException,Non HTTP response message: Socket closed,Thread Group 1-162,text,false,,2228,0,245,245,http://Result-Traffic-Cop-1338216547.eu-north-1.elb.amazonaws.com:8080/result/12345,0,0,8589
1777276841658,5513,HTTP Request,Non HTTP response code: java.net.SocketException,Non HTTP response message: Socket closed,Thread Group 1-462,text,false,,2228,0,245,245,http://Result-Traffic-Cop-1338216547.eu-north-1.elb.amazonaws.com:8080/result/12345,0,0,5513
1777276838478,8692,HTTP Request,Non HTTP response code: java.net.SocketException,Non HTTP response message: Socket closed,Thread Group 1-88,text,false,,2228,0,245,245,http://Result-Traffic-Cop-1338216547.eu-north-1.elb.amazonaws.com:8080/result/12345,0,0,8692
1777276840050,7124,HTTP Request,Non HTTP response code: java.net.SocketException,Non HTTP response message: Socket closed,Thread Group 1-288,text,false,,2228,0,243,243,http://Result-Traffic-Cop-1338216547.eu-north-1.elb.amazonaws.com:8080/result/12345,0,0,7124
1777276841270,5907,HTTP Request,Non HTTP response code: java.net.SocketException,Non HTTP response message: Socket closed,Thread Group 1-409,text,false,,2228,0,241,241,http://Result-Traffic-Cop-1338216547.eu-north-1.elb.amazonaws.com:8080/result/12345,0,0,5907
1777276841818,5361,HTTP Request,Non HTTP response code: java.net.SocketException,Non HTTP response message: Socket closed,Thread Group 1-465,text,false,,2228,0,240,240,http://Result-Traffic-Cop-1338216547.eu-north-1.elb.amazonaws.com:8080/result/12345,0,0,5360
1777276841799,5381,HTTP Request,Non HTTP response code: java.net.SocketException,Non HTTP response message: Socket closed,Thread Group 1-469,text,false,,2228,0,240,240,http://Result-Traffic-Cop-1338216547.eu-north-1.elb.amazonaws.com:8080/result/12345,0,0,5381
1777276838553,8630,HTTP Request,Non HTTP response code: java.net.SocketException,Non HTTP response message: Socket closed,Thread Group 1-59,text,false,,2228,0,238,238,http://Result-Traffic-Cop-1338216547.eu-north-1.elb.amazonaws.com:8080/result/12345,0,0,8630
1777276838584,8604,HTTP Request,Non HTTP response code: java.net.SocketException,Non HTTP response message: Socket closed,Thread Group 1-39,text,false,,2228,0,237,237,http://Result-Traffic-Cop-1338216547.eu-north-1.elb.amazonaws.com:8080/result/12345,0,0,8604
1777276838741,8449,HTTP Request,Non HTTP response code: java.net.SocketException,Non HTTP response message: Socket closed,Thread Group 1-3,text,false,,2228,0,236,236,http://Result-Traffic-Cop-1338216547.eu-north-1.elb.amazonaws.com:8080/result/12345,0,0,8449
1777276838650,8544,HTTP Request,Non HTTP response code: java.net.SocketException,Non HTTP response message: Socket closed,Thread Group 1-122,text,false,,2228,0,236,236,http://Result-Traffic-Cop-1338216547.eu-north-1.elb.amazonaws.com:8080/result/12345,0,0,8544
1777276838610,8587,HTTP Request,Non HTTP response code: java.net.SocketException,Non HTTP response message: Socket closed,Thread Group 1-100,text,false,,2228,0,234,234,http://Result-Traffic-Cop-1338216547.eu-north-1.elb.amazonaws.com:8080/result/12345,0,0,8587
1777276838604,8595,HTTP Request,Non HTTP response code: java.net.SocketException,Non HTTP response message: Socket closed,Thread Group 1-38,text,false,,2228,0,233,233,http://Result-Traffic-Cop-1338216547.eu-north-1.elb.amazonaws.com:8080/result/12345,0,0,8595
1777276840801,6400,HTTP Request,Non HTTP response code: java.net.SocketException,Non HTTP response message: Socket closed,Thread Group 1-361,text,false,,2228,0,232,232,http://Result-Traffic-Cop-1338216547.eu-north-1.elb.amazonaws.com:8080/result/12345,0,0,6400
1777276838656,8546,HTTP Request,Non HTTP response code: java.net.SocketException,Non HTTP response message: Socket closed,Thread Group 1-130,text,false,,2228,0,231,231,http://Result-Traffic-Cop-1338216547.eu-north-1.elb.amazonaws.com:8080/result/12345,0,0,8546
1777276839761,7445,HTTP Request,Non HTTP response code: java.net.SocketException,Non HTTP response message: Socket closed,Thread Group 1-259,text,false,,2228,0,230,230,http://Result-Traffic-Cop-1338216547.eu-north-1.elb.amazonaws.com:8080/result/12345,0,0,7445
1777276838729,8477,HTTP Request,Non HTTP response code: java.net.SocketException,Non HTTP response message: Socket closed,Thread Group 1-128,text,false,,2228,0,230,230,http://Result-Traffic-Cop-1338216547.eu-north-1.elb.amazonaws.com:8080/result/12345,0,0,8477
1777276838751,8456,HTTP Request,Non HTTP response code: java.net.SocketException,Non HTTP response message: Socket closed,Thread Group 1-172,text,false,,2228,0,230,230,http://Result-Traffic-Cop-1338216547.eu-north-1.elb.amazonaws.com:8080/result/12345,0,0,8456
1777276839976,7228,HTTP Request,Non HTTP response code: java.net.SocketException,Non HTTP response message: Socket closed,Thread Group 1-284,text,false,,2228,0,230,230,http://Result-Traffic-Cop-1338216547.eu-north-1.elb.amazonaws.com:8080/result/12345,0,0,7228
1777276840354,6855,HTTP Request,Non HTTP response code: java.net.SocketException,Non HTTP response message: Socket closed,Thread Group 1-326,text,false,,2228,0,226,226,http://Result-Traffic-Cop-1338216547.eu-north-1.elb.amazonaws.com:8080/result/12345,0,0,6855
1777276840128,7081,HTTP Request,Non HTTP response code: java.net.SocketException,Non HTTP response message: Socket closed,Thread Group 1-297,text,false,,2228,0,226,226,http://Result-Traffic-Cop-1338216547.eu-north-1.elb.amazonaws.com:8080/result/12345,0,0,7081
1777276838612,8597,HTTP Request,Non HTTP response code: java.net.SocketException,Non HTTP response message: Socket closed,Thread Group 1-28,text,false,,2228,0,224,224,http://Result-Traffic-Cop-1338216547.eu-north-1.elb.amazonaws.com:8080/result/12345,0,0,8597
1777276838884,8333,HTTP Request,Non HTTP response code: java.net.SocketException,Non HTTP response message: Socket closed,Thread Group 1-189,text,false,,2228,0,223,223,http://Result-Traffic-Cop-1338216547.eu-north-1.elb.amazonaws.com:8080/result/12345,0,0,8333
1777276838697,8518,HTTP Request,Non HTTP response code: java.net.SocketException,Non HTTP response message: Socket closed,Thread Group 1-62,text,false,,2228,0,223,223,http://Result-Traffic-Cop-1338216547.eu-north-1.elb.amazonaws.com:8080/result/12345,0,0,8518
1777276838578,8640,HTTP Request,Non HTTP response code: java.net.SocketException,Non HTTP response message: Socket closed,Thread Group 1-34,text,false,,2228,0,222,222,http://Result-Traffic-Cop-1338216547.eu-north-1.elb.amazonaws.com:8080/result/12345,0,0,8640
1777276840976,6247,HTTP Request,Non HTTP response code: java.net.SocketException,Non HTTP response message: Socket closed,Thread Group 1-378,text,false,,2228,0,220,220,http://Result-Traffic-Cop-1338216547.eu-north-1.elb.amazonaws.com:8080/result/12345,0,0,6247
1777276840670,6554,HTTP Request,Non HTTP response code: java.net.SocketException,Non HTTP response message: Socket closed,Thread Group 1-347,text,false,,2228,0,219,219,http://Result-Traffic-Cop-1338216547.eu-north-1.elb.amazonaws.com:8080/result/12345,0,0,6554
1777276839721,7503,HTTP Request,Non HTTP response code: java.net.SocketException,Non HTTP response message: Socket closed,Thread Group 1-262,text,false,,2228,0,219,219,http://Result-Traffic-Cop-1338216547.eu-north-1.elb.amazonaws.com:8080/result/12345,0,0,7503
1777276838686,8544,HTTP Request,Non HTTP response code: java.net.SocketException,Non HTTP response message: Socket closed,Thread Group 1-237,text,false,,2228,0,217,217,http://Result-Traffic-Cop-1338216547.eu-north-1.elb.amazonaws.com:8080/result/12345,0,0,8544
1777276839150,8083,HTTP Request,Non HTTP response code: java.net.SocketException,Non HTTP response message: Socket closed,Thread Group 1-244,text,false,,2228,0,216,216,http://Result-Traffic-Cop-1338216547.eu-north-1.elb.amazonaws.com:8080/result/12345,0,0,8083
1777276838706,8529,HTTP Request,Non HTTP response code: java.net.SocketException,Non HTTP response message: Socket closed,Thread Group 1-180,text,false,,2228,0,215,215,http://Result-Traffic-Cop-1338216547.eu-north-1.elb.amazonaws.com:8080/result/12345,0,0,8529
1777276838591,8647,HTTP Request,Non HTTP response code: java.net.SocketException,Non HTTP response message: Socket closed,Thread Group 1-92,text,false,,2228,0,214,214,http://Result-Traffic-Cop-1338216547.eu-north-1.elb.amazonaws.com:8080/result/12345,0,0,8647
1777276838451,8791,HTTP Request,Non HTTP response code: java.net.SocketException,Non HTTP response message: Socket closed,Thread Group 1-220,text,false,,2228,0,213,213,http://Result-Traffic-Cop-1338216547.eu-north-1.elb.amazonaws.com:8080/result/12345,0,0,8791
1777276841787,5456,HTTP Request,Non HTTP response code: java.net.SocketException,Non HTTP response message: Socket closed,Thread Group 1-488,text,false,,2228,0,213,213,http://Result-Traffic-Cop-1338216547.eu-north-1.elb.amazonaws.com:8080/result/12345,0,0,5456
1777276838797,8443,HTTP Request,Non HTTP response code: java.net.SocketException,Non HTTP response message: Socket closed,Thread Group 1-85,text,false,,2228,0,213,213,http://Result-Traffic-Cop-1338216547.eu-north-1.elb.amazonaws.com:8080/result/12345,0,0,8443
1777276842011,5236,HTTP Request,Non HTTP response code: java.net.SocketException,Non HTTP response message: Socket closed,Thread Group 1-497,text,false,,2228,0,210,210,http://Result-Traffic-Cop-1338216547.eu-north-1.elb.amazonaws.com:8080/result/12345,0,0,5236
1777276841162,6089,HTTP Request,Non HTTP response code: java.net.SocketException,Non HTTP response message: Socket closed,Thread Group 1-396,text,false,,2228,0,209,209,http://Result-Traffic-Cop-1338216547.eu-north-1.elb.amazonaws.com:8080/result/12345,0,0,6089
1777276840113,7139,HTTP Request,Non HTTP response code: java.net.SocketException,Non HTTP response message: Socket closed,Thread Group 1-301,text,false,,2228,0,208,208,http://Result-Traffic-Cop-1338216547.eu-north-1.elb.amazonaws.com:8080/result/12345,0,0,7139
1777276838881,8371,HTTP Request,Non HTTP response code: java.net.SocketException,Non HTTP response message: Socket closed,Thread Group 1-224,text,false,,2228,0,207,207,http://Result-Traffic-Cop-1338216547.eu-north-1.elb.amazonaws.com:8080/result/12345,0,0,8371
1777276841639,5616,HTTP Request,Non HTTP response code: java.net.SocketException,Non HTTP response message: Socket closed,Thread Group 1-458,text,false,,2228,0,206,206,http://Result-Traffic-Cop-1338216547.eu-north-1.elb.amazonaws.com:8080/result/12345,0,0,5616
1777276840300,6956,HTTP Request,Non HTTP response code: java.net.SocketException,Non HTTP response message: Socket closed,Thread Group 1-324,text,false,,2228,0,206,206,http://Result-Traffic-Cop-1338216547.eu-north-1.elb.amazonaws.com:8080/result/12345,0,0,6956
1777276838796,8458,HTTP Request,Non HTTP response code: java.net.SocketException,Non HTTP response message: Socket closed,Thread Group 1-136,text,false,,2228,0,204,204,http://Result-Traffic-Cop-1338216547.eu-north-1.elb.amazonaws.com:8080/result/12345,0,0,8458
1777276839184,8067,HTTP Request,Non HTTP response code: java.net.SocketException,Non HTTP response message: Socket closed,Thread Group 1-247,text,false,,2228,0,204,204,http://Result-Traffic-Cop-1338216547.eu-north-1.elb.amazonaws.com:8080/result/12345,0,0,8067
1777276840539,6718,HTTP Request,Non HTTP response code: java.net.SocketException,Non HTTP response message: Socket closed,Thread Group 1-338,text,false,,2228,0,202,202,http://Result-Traffic-Cop-1338216547.eu-north-1.elb.amazonaws.com:8080/result/12345,0,0,6718
1777276838511,8745,HTTP Request,Non HTTP response code: java.net.SocketException,Non HTTP response message: Socket closed,Thread Group 1-164,text,false,,2228,0,202,202,http://Result-Traffic-Cop-1338216547.eu-north-1.elb.amazonaws.com:8080/result/12345,0,0,8744
1777276838693,8563,HTTP Request,Non HTTP response code: java.net.SocketException,Non HTTP response message: Socket closed,Thread Group 1-141,text,false,,2228,0,202,202,http://Result-Traffic-Cop-1338216547.eu-north-1.elb.amazonaws.com:8080/result/12345,0,0,8563
1777276841658,5602,HTTP Request,Non HTTP response code: java.net.SocketException,Non HTTP response message: Socket closed,Thread Group 1-461,text,false,,2228,0,199,199,http://Result-Traffic-Cop-1338216547.eu-north-1.elb.amazonaws.com:8080/result/12345,0,0,5602
1777276840769,6492,HTTP Request,Non HTTP response code: java.net.SocketException,Non HTTP response message: Socket closed,Thread Group 1-356,text,false,,2228,0,199,199,http://Result-Traffic-Cop-1338216547.eu-north-1.elb.amazonaws.com:8080/result/12345,0,0,6492
1777276838478,8780,HTTP Request,Non HTTP response code: java.net.SocketException,Non HTTP response message: Socket closed,Thread Group 1-45,text,false,,2228,0,199,199,http://Result-Traffic-Cop-1338216547.eu-north-1.elb.amazonaws.com:8080/result/12345,0,0,8780
1777276840264,6999,HTTP Request,Non HTTP response code: java.net.SocketException,Non HTTP response message: Socket closed,Thread Group 1-317,text,false,,2228,0,196,196,http://Result-Traffic-Cop-1338216547.eu-north-1.elb.amazonaws.com:8080/result/12345,0,0,6999
1777276840372,6893,HTTP Request,Non HTTP response code: java.net.SocketException,Non HTTP response message: Socket closed,Thread Group 1-325,text,false,,2228,0,196,196,http://Result-Traffic-Cop-1338216547.eu-north-1.elb.amazonaws.com:8080/result/12345,0,0,6893
1777276840830,6436,HTTP Request,Non HTTP response code: java.net.SocketException,Non HTTP response message: Socket closed,Thread Group 1-365,text,false,,2228,0,196,196,http://Result-Traffic-Cop-1338216547.eu-north-1.elb.amazonaws.com:8080/result/12345,0,0,6436
1777276838610,8656,HTTP Request,Non HTTP response code: java.net.SocketException,Non HTTP response message: Socket closed,Thread Group 1-24,text,false,,2228,0,194,194,http://Result-Traffic-Cop-1338216547.eu-north-1.elb.amazonaws.com:8080/result/12345,0,0,8656
1777276839865,7403,HTTP Request,Non HTTP response code: java.net.SocketException,Non HTTP response message: Socket closed,Thread Group 1-279,text,false,,2228,0,193,193,http://Result-Traffic-Cop-1338216547.eu-north-1.elb.amazonaws.com:8080/result/12345,0,0,7403
1777276838513,8759,HTTP Request,Non HTTP response code: java.net.SocketException,Non HTTP response message: Socket closed,Thread Group 1-207,text,false,,2228,0,191,191,http://Result-Traffic-Cop-1338216547.eu-north-1.elb.amazonaws.com:8080/result/12345,0,0,8759
1777276841143,6132,HTTP Request,Non HTTP response code: java.net.SocketException,Non HTTP response message: Socket closed,Thread Group 1-394,text,false,,2228,0,190,190,http://Result-Traffic-Cop-1338216547.eu-north-1.elb.amazonaws.com:8080/result/12345,0,0,6132
1777276841861,5415,HTTP Request,Non HTTP response code: java.net.SocketException,Non HTTP response message: Socket closed,Thread Group 1-491,text,false,,2228,0,190,190,http://Result-Traffic-Cop-1338216547.eu-north-1.elb.amazonaws.com:8080/result/12345,0,0,5415
1777276838755,8522,HTTP Request,Non HTTP response code: java.net.SocketException,Non HTTP response message: Socket closed,Thread Group 1-192,text,false,,2228,0,189,189,http://Result-Traffic-Cop-1338216547.eu-north-1.elb.amazonaws.com:8080/result/12345,0,0,8522
1777276838883,8396,HTTP Request,Non HTTP response code: java.net.SocketException,Non HTTP response message: Socket closed,Thread Group 1-79,text,false,,2228,0,187,187,http://Result-Traffic-Cop-1338216547.eu-north-1.elb.amazonaws.com:8080/result/12345,0,0,8396
1777276838691,8591,HTTP Request,Non HTTP response code: java.net.SocketException,Non HTTP response message: Socket closed,Thread Group 1-139,text,false,,2228,0,186,186,http://Result-Traffic-Cop-1338216547.eu-north-1.elb.amazonaws.com:8080/result/12345,0,0,8591
1777276840061,7219,HTTP Request,Non HTTP response code: java.net.SocketException,Non HTTP response message: Socket closed,Thread Group 1-289,text,false,,2228,0,186,186,http://Result-Traffic-Cop-1338216547.eu-north-1.elb.amazonaws.com:8080/result/12345,0,0,7219
1777276838656,8625,HTTP Request,Non HTTP response code: java.net.SocketException,Non HTTP response message: Socket closed,Thread Group 1-37,text,false,,2228,0,186,186,http://Result-Traffic-Cop-1338216547.eu-north-1.elb.amazonaws.com:8080/result/12345,0,0,8625
1777276841362,5927,HTTP Request,Non HTTP response code: java.net.SocketException,Non HTTP response message: Socket closed,Thread Group 1-423,text,false,,2228,0,183,183,http://Result-Traffic-Cop-1338216547.eu-north-1.elb.amazonaws.com:8080/result/12345,0,0,5926
1777276838684,8603,HTTP Request,Non HTTP response code: java.net.SocketException,Non HTTP response message: Socket closed,Thread Group 1-115,text,false,,2228,0,183,183,http://Result-Traffic-Cop-1338216547.eu-north-1.elb.amazonaws.com:8080/result/12345,0,0,8603
1777276838598,8689,HTTP Request,Non HTTP response code: java.net.SocketException,Non HTTP response message: Socket closed,Thread Group 1-127,text,false,,2228,0,183,183,http://Result-Traffic-Cop-1338216547.eu-north-1.elb.amazonaws.com:8080/result/12345,0,0,8689
1777276838635,8655,HTTP Request,Non HTTP response code: java.net.SocketException,Non HTTP response message: Socket closed,Thread Group 1-236,text,false,,2228,0,180,180,http://Result-Traffic-Cop-1338216547.eu-north-1.elb.amazonaws.com:8080/result/12345,0,0,8655
1777276841526,5765,HTTP Request,Non HTTP response code: java.net.SocketException,Non HTTP response message: Socket closed,Thread Group 1-441,text,false,,2228,0,179,179,http://Result-Traffic-Cop-1338216547.eu-north-1.elb.amazonaws.com:8080/result/12345,0,0,5765
1777276838604,8689,HTTP Request,Non HTTP response code: java.net.SocketException,Non HTTP response message: Socket closed,Thread Group 1-86,text,false,,2228,0,179,179,http://Result-Traffic-Cop-1338216547.eu-north-1.elb.amazonaws.com:8080/result/12345,0,0,8689
1777276841520,5777,HTTP Request,Non HTTP response code: java.net.SocketException,Non HTTP response message: Socket closed,Thread Group 1-440,text,false,,2228,0,177,177,http://Result-Traffic-Cop-1338216547.eu-north-1.elb.amazonaws.com:8080/result/12345,0,0,5777
1777276840218,7085,HTTP Request,Non HTTP response code: java.net.SocketException,Non HTTP response message: Socket closed,Thread Group 1-313,text,false,,2228,0,176,176,http://Result-Traffic-Cop-1338216547.eu-north-1.elb.amazonaws.com:8080/result/12345,0,0,7085
1777276840751,6553,HTTP Request,Non HTTP response code: java.net.SocketException,Non HTTP response message: Socket closed,Thread Group 1-352,text,false,,2228,0,176,176,http://Result-Traffic-Cop-1338216547.eu-north-1.elb.amazonaws.com:8080/result/12345,0,0,6553
1777276838583,8719,HTTP Request,Non HTTP response code: java.net.SocketException,Non HTTP response message: Socket closed,Thread Group 1-102,text,false,,2228,0,176,176,http://Result-Traffic-Cop-1338216547.eu-north-1.elb.amazonaws.com:8080/result/12345,0,0,8719
1777276841003,6302,HTTP Request,Non HTTP response code: java.net.SocketException,Non HTTP response message: Socket closed,Thread Group 1-382,text,false,,2228,0,176,176,http://Result-Traffic-Cop-1338216547.eu-north-1.elb.amazonaws.com:8080/result/12345,0,0,6302
1777276838801,8506,HTTP Request,Non HTTP response code: java.net.SocketException,Non HTTP response message: Socket closed,Thread Group 1-150,text,false,,2228,0,172,172,http://Result-Traffic-Cop-1338216547.eu-north-1.elb.amazonaws.com:8080/result/12345,0,0,8506
1777276838642,8674,HTTP Request,Non HTTP response code: java.net.SocketException,Non HTTP response message: Socket closed,Thread Group 1-87,text,false,,2228,0,171,171,http://Result-Traffic-Cop-1338216547.eu-north-1.elb.amazonaws.com:8080/result/12345,0,0,8674
1777276841494,5823,HTTP Request,Non HTTP response code: java.net.SocketException,Non HTTP response message: Socket closed,Thread Group 1-437,text,false,,2228,0,171,171,http://Result-Traffic-Cop-1338216547.eu-north-1.elb.amazonaws.com:8080/result/12345,0,0,5823
1777276840096,7224,HTTP Request,Non HTTP response code: java.net.SocketException,Non HTTP response message: Socket closed,Thread Group 1-295,text,false,,2228,0,169,169,http://Result-Traffic-Cop-1338216547.eu-north-1.elb.amazonaws.com:8080/result/12345,0,0,7224
1777276840789,6547,HTTP Request,Non HTTP response code: java.net.SocketException,Non HTTP response message: Socket closed,Thread Group 1-360,text,false,,2228,0,168,168,http://Result-Traffic-Cop-1338216547.eu-north-1.elb.amazonaws.com:8080/result/12345,0,0,6547
1777276839869,7466,HTTP Request,Non HTTP response code: java.net.SocketException,Non HTTP response message: Socket closed,Thread Group 1-280,text,false,,2228,0,167,167,http://Result-Traffic-Cop-1338216547.eu-north-1.elb.amazonaws.com:8080/result/12345,0,0,7466
1777276840249,7090,HTTP Request,Non HTTP response code: java.net.SocketException,Non HTTP response message: Socket closed,Thread Group 1-316,text,false,,2228,0,167,167,http://Result-Traffic-Cop-1338216547.eu-north-1.elb.amazonaws.com:8080/result/12345,0,0,7090
1777276842044,5296,HTTP Request,Non HTTP response code: java.net.SocketException,Non HTTP response message: Socket closed,Thread Group 1-499,text,false,,2228,0,165,165,http://Result-Traffic-Cop-1338216547.eu-north-1.elb.amazonaws.com:8080/result/12345,0,0,5296
1777276840077,7261,HTTP Request,Non HTTP response code: java.net.SocketException,Non HTTP response message: Socket closed,Thread Group 1-291,text,false,,2228,0,164,164,http://Result-Traffic-Cop-1338216547.eu-north-1.elb.amazonaws.com:8080/result/12345,0,0,7261
1777276841627,5711,HTTP Request,Non HTTP response code: java.net.SocketException,Non HTTP response message: Socket closed,Thread Group 1-454,text,false,,2228,0,167,167,http://Result-Traffic-Cop-1338216547.eu-north-1.elb.amazonaws.com:8080/result/12345,0,0,5711
1777276838545,8811,HTTP Request,Non HTTP response code: java.net.SocketException,Non HTTP response message: Socket closed,Thread Group 1-53,text,false,,2228,0,163,163,http://Result-Traffic-Cop-1338216547.eu-north-1.elb.amazonaws.com:8080/result/12345,0,0,8811
1777276840810,6553,HTTP Request,Non HTTP response code: java.net.SocketException,Non HTTP response message: Socket closed,Thread Group 1-363,text,false,,2228,0,161,161,http://Result-Traffic-Cop-1338216547.eu-north-1.elb.amazonaws.com:8080/result/12345,0,0,6553
1777276838620,8752,HTTP Request,Non HTTP response code: java.net.SocketException,Non HTTP response message: Socket closed,Thread Group 1-31,text,false,,2228,0,160,160,http://Result-Traffic-Cop-1338216547.eu-north-1.elb.amazonaws.com:8080/result/12345,0,0,8752
1777276841222,6155,HTTP Request,Non HTTP response code: java.net.SocketException,Non HTTP response message: Socket closed,Thread Group 1-402,text,false,,2228,0,159,159,http://Result-Traffic-Cop-1338216547.eu-north-1.elb.amazonaws.com:8080/result/12345,0,0,6155
1777276838661,8728,HTTP Request,Non HTTP response code: java.net.SocketException,Non HTTP response message: Socket closed,Thread Group 1-116,text,false,,2228,0,158,158,http://Result-Traffic-Cop-1338216547.eu-north-1.elb.amazonaws.com:8080/result/12345,0,0,8728
1777276839724,7668,HTTP Request,Non HTTP response code: java.net.SocketException,Non HTTP response message: Socket closed,Thread Group 1-263,text,false,,2228,0,157,157,http://Result-Traffic-Cop-1338216547.eu-north-1.elb.amazonaws.com:8080/result/12345,0,0,7668
1777276840854,6553,HTTP Request,Non HTTP response code: java.net.SocketException,Non HTTP response message: Socket closed,Thread Group 1-368,text,false,,2228,0,156,156,http://Result-Traffic-Cop-1338216547.eu-north-1.elb.amazonaws.com:8080/result/12345,0,0,6553
1777276839172,8237,HTTP Request,Non HTTP response code: java.net.SocketException,Non HTTP response message: Socket closed,Thread Group 1-245,text,false,,2228,0,155,155,http://Result-Traffic-Cop-1338216547.eu-north-1.elb.amazonaws.com:8080/result/12345,0,0,8237
1777276840593,6819,HTTP Request,Non HTTP response code: java.net.SocketException,Non HTTP response message: Socket closed,Thread Group 1-341,text,false,,2228,0,154,154,http://Result-Traffic-Cop-1338216547.eu-north-1.elb.amazonaws.com:8080/result/12345,0,0,6819
1777276841229,6184,HTTP Request,Non HTTP response code: java.net.SocketException,Non HTTP response message: Socket closed,Thread Group 1-404,text,false,,2228,0,153,153,http://Result-Traffic-Cop-1338216547.eu-north-1.elb.amazonaws.com:8080/result/12345,0,0,6184
1777276838726,8690,HTTP Request,Non HTTP response code: java.net.SocketException,Non HTTP response message: Socket closed,Thread Group 1-16,text,false,,2228,0,152,152,http://Result-Traffic-Cop-1338216547.eu-north-1.elb.amazonaws.com:8080/result/12345,0,0,8690
1777276838471,8945,HTTP Request,Non HTTP response code: java.net.SocketException,Non HTTP response message: Socket closed,Thread Group 1-225,text,false,,2228,0,152,152,http://Result-Traffic-Cop-1338216547.eu-north-1.elb.amazonaws.com:8080/result/12345,0,0,8945
1777276838444,8975,HTTP Request,Non HTTP response code: java.net.SocketException,Non HTTP response message: Socket closed,Thread Group 1-217,text,false,,2228,0,150,150,http://Result-Traffic-Cop-1338216547.eu-north-1.elb.amazonaws.com:8080/result/12345,0,0,8975
1777276838494,8927,HTTP Request,Non HTTP response code: java.net.SocketException,Non HTTP response message: Socket closed,Thread Group 1-197,text,false,,2228,0,149,149,http://Result-Traffic-Cop-1338216547.eu-north-1.elb.amazonaws.com:8080/result/12345,0,0,8927
1777276840192,7233,HTTP Request,Non HTTP response code: java.net.SocketException,Non HTTP response message: Socket closed,Thread Group 1-310,text,false,,2228,0,148,148,http://Result-Traffic-Cop-1338216547.eu-north-1.elb.amazonaws.com:8080/result/12345,0,0,7233
1777276838732,8694,HTTP Request,Non HTTP response code: java.net.SocketException,Non HTTP response message: Socket closed,Thread Group 1-153,text,false,,2228,0,148,148,http://Result-Traffic-Cop-1338216547.eu-north-1.elb.amazonaws.com:8080/result/12345,0,0,8694
1777276838631,8798,HTTP Request,Non HTTP response code: java.net.SocketException,Non HTTP response message: Socket closed,Thread Group 1-52,text,false,,2228,0,148,148,http://Result-Traffic-Cop-1338216547.eu-north-1.elb.amazonaws.com:8080/result/12345,0,0,8798
1777276838645,8784,HTTP Request,Non HTTP response code: java.net.SocketException,Non HTTP response message: Socket closed,Thread Group 1-187,text,false,,2228,0,148,148,http://Result-Traffic-Cop-1338216547.eu-north-1.elb.amazonaws.com:8080/result/12345,0,0,8784
1777276838756,8678,HTTP Request,Non HTTP response code: java.net.SocketException,Non HTTP response message: Socket closed,Thread Group 1-129,text,false,,2228,0,148,148,http://Result-Traffic-Cop-1338216547.eu-north-1.elb.amazonaws.com:8080/result/12345,0,0,8678
1777276838652,8797,HTTP Request,Non HTTP response code: java.net.SocketException,Non HTTP response message: Socket closed,Thread Group 1-123,text,false,,2228,0,143,143,http://Result-Traffic-Cop-1338216547.eu-north-1.elb.amazonaws.com:8080/result/12345,0,0,8797
1777276838694,8757,HTTP Request,Non HTTP response code: java.net.SocketException,Non HTTP response message: Socket closed,Thread Group 1-125,text,false,,2228,0,142,142,http://Result-Traffic-Cop-1338216547.eu-north-1.elb.amazonaws.com:8080/result/12345,0,0,8757
1777276839754,7695,HTTP Request,Non HTTP response code: java.net.SocketException,Non HTTP response message: Socket closed,Thread Group 1-255,text,false,,2228,0,142,142,http://Result-Traffic-Cop-1338216547.eu-north-1.elb.amazonaws.com:8080/result/12345,0,0,7695
1777276838693,8757,HTTP Request,Non HTTP response code: java.net.SocketException,Non HTTP response message: Socket closed,Thread Group 1-134,text,false,,2228,0,140,140,http://Result-Traffic-Cop-1338216547.eu-north-1.elb.amazonaws.com:8080/result/12345,0,0,8757
1777276842070,5381,HTTP Request,Non HTTP response code: java.net.SocketException,Non HTTP response message: Socket closed,Thread Group 1-500,text,false,,2228,0,140,140,http://Result-Traffic-Cop-1338216547.eu-north-1.elb.amazonaws.com:8080/result/12345,0,0,5381
1777276838443,9011,HTTP Request,Non HTTP response code: java.net.SocketException,Non HTTP response message: Socket closed,Thread Group 1-226,text,false,,2228,0,140,140,http://Result-Traffic-Cop-1338216547.eu-north-1.elb.amazonaws.com:8080/result/12345,0,0,9011
1777276840221,7232,HTTP Request,Non HTTP response code: java.net.SocketException,Non HTTP response message: Socket closed,Thread Group 1-314,text,false,,2228,0,140,140,http://Result-Traffic-Cop-1338216547.eu-north-1.elb.amazonaws.com:8080/result/12345,0,0,7232
1777276838609,8841,HTTP Request,Non HTTP response code: java.net.SocketException,Non HTTP response message: Socket closed,Thread Group 1-25,text,false,,2228,0,140,140,http://Result-Traffic-Cop-1338216547.eu-north-1.elb.amazonaws.com:8080/result/12345,0,0,8841
1777276839996,7459,HTTP Request,Non HTTP response code: java.net.SocketException,Non HTTP response message: Socket closed,Thread Group 1-286,text,false,,2228,0,135,135,http://Result-Traffic-Cop-1338216547.eu-north-1.elb.amazonaws.com:8080/result/12345,0,0,7458
1777276841219,6236,HTTP Request,Non HTTP response code: java.net.SocketException,Non HTTP response message: Socket closed,Thread Group 1-401,text,false,,2228,0,135,135,http://Result-Traffic-Cop-1338216547.eu-north-1.elb.amazonaws.com:8080/result/12345,0,0,6236
1777276841639,5818,HTTP Request,Non HTTP response code: java.net.SocketException,Non HTTP response message: Socket closed,Thread Group 1-456,text,false,,2228,0,133,133,http://Result-Traffic-Cop-1338216547.eu-north-1.elb.amazonaws.com:8080/result/12345,0,0,5818
1777276840150,7310,HTTP Request,Non HTTP response code: java.net.SocketException,Non HTTP response message: Socket closed,Thread Group 1-304,text,false,,2228,0,133,132,http://Result-Traffic-Cop-1338216547.eu-north-1.elb.amazonaws.com:8080/result/12345,0,0,7310
1777276838731,8728,HTTP Request,Non HTTP response code: java.net.SocketException,Non HTTP response message: Socket closed,Thread Group 1-121,text,false,,2228,0,131,131,http://Result-Traffic-Cop-1338216547.eu-north-1.elb.amazonaws.com:8080/result/12345,0,0,8728
1777276838795,8667,HTTP Request,Non HTTP response code: java.net.SocketException,Non HTTP response message: Socket closed,Thread Group 1-179,text,false,,2228,0,130,130,http://Result-Traffic-Cop-1338216547.eu-north-1.elb.amazonaws.com:8080/result/12345,0,0,8667
1777276839879,7583,HTTP Request,Non HTTP response code: java.net.SocketException,Non HTTP response message: Socket closed,Thread Group 1-281,text,false,,2228,0,130,130,http://Result-Traffic-Cop-1338216547.eu-north-1.elb.amazonaws.com:8080/result/12345,0,0,7582
1777276840997,6466,HTTP Request,Non HTTP response code: java.net.SocketException,Non HTTP response message: Socket closed,Thread Group 1-381,text,false,,2228,0,129,129,http://Result-Traffic-Cop-1338216547.eu-north-1.elb.amazonaws.com:8080/result/12345,0,0,6466
1777276841426,6039,HTTP Request,Non HTTP response code: java.net.SocketException,Non HTTP response message: Socket closed,Thread Group 1-432,text,false,,2228,0,127,127,http://Result-Traffic-Cop-1338216547.eu-north-1.elb.amazonaws.com:8080/result/12345,0,0,6039
1777276838822,8643,HTTP Request,Non HTTP response code: java.net.SocketException,Non HTTP response message: Socket closed,Thread Group 1-240,text,false,,2228,0,127,127,http://Result-Traffic-Cop-1338216547.eu-north-1.elb.amazonaws.com:8080/result/12345,0,0,8643
1777276841377,6088,HTTP Request,Non HTTP response code: java.net.SocketException,Non HTTP response message: Socket closed,Thread Group 1-426,text,false,,2228,0,127,127,http://Result-Traffic-Cop-1338216547.eu-north-1.elb.amazonaws.com:8080/result/12345,0,0,6088
1777276840365,7104,HTTP Request,Non HTTP response code: java.net.SocketException,Non HTTP response message: Socket closed,Thread Group 1-327,text,false,,2228,0,124,124,http://Result-Traffic-Cop-1338216547.eu-north-1.elb.amazonaws.com:8080/result/12345,0,0,7104
1777276838794,8676,HTTP Request,Non HTTP response code: java.net.SocketException,Non HTTP response message: Socket closed,Thread Group 1-98,text,false,,2228,0,123,123,http://Result-Traffic-Cop-1338216547.eu-north-1.elb.amazonaws.com:8080/result/12345,0,0,8676
1777276841162,6308,HTTP Request,Non HTTP response code: java.net.SocketException,Non HTTP response message: Socket closed,Thread Group 1-397,text,false,,2228,0,123,123,http://Result-Traffic-Cop-1338216547.eu-north-1.elb.amazonaws.com:8080/result/12345,0,0,6308
1777276840269,7202,HTTP Request,Non HTTP response code: java.net.SocketException,Non HTTP response message: Socket closed,Thread Group 1-318,text,false,,2228,0,122,122,http://Result-Traffic-Cop-1338216547.eu-north-1.elb.amazonaws.com:8080/result/12345,0,0,7202
1777276840657,6816,HTTP Request,Non HTTP response code: java.net.SocketException,Non HTTP response message: Socket closed,Thread Group 1-346,text,false,,2228,0,122,122,http://Result-Traffic-Cop-1338216547.eu-north-1.elb.amazonaws.com:8080/result/12345,0,0,6816
1777276841417,6062,HTTP Request,Non HTTP response code: java.net.SocketException,Non HTTP response message: Socket closed,Thread Group 1-431,text,false,,2228,0,120,120,http://Result-Traffic-Cop-1338216547.eu-north-1.elb.amazonaws.com:8080/result/12345,0,0,6062
1777276841136,6349,HTTP Request,Non HTTP response code: java.net.SocketException,Non HTTP response message: Socket closed,Thread Group 1-393,text,false,,2228,0,118,118,http://Result-Traffic-Cop-1338216547.eu-north-1.elb.amazonaws.com:8080/result/12345,0,0,6349
1777276841639,5848,HTTP Request,Non HTTP response code: java.net.SocketException,Non HTTP response message: Socket closed,Thread Group 1-457,text,false,,2228,0,118,118,http://Result-Traffic-Cop-1338216547.eu-north-1.elb.amazonaws.com:8080/result/12345,0,0,5847
1777276840830,6657,HTTP Request,Non HTTP response code: java.net.SocketException,Non HTTP response message: Socket closed,Thread Group 1-366,text,false,,2228,0,116,116,http://Result-Traffic-Cop-1338216547.eu-north-1.elb.amazonaws.com:8080/result/12345,0,0,6657
1777276841816,5672,HTTP Request,Non HTTP response code: java.net.SocketException,Non HTTP response message: Socket closed,Thread Group 1-484,text,false,,2228,0,116,116,http://Result-Traffic-Cop-1338216547.eu-north-1.elb.amazonaws.com:8080/result/12345,0,0,5672
1777276840482,7006,HTTP Request,Non HTTP response code: java.net.SocketException,Non HTTP response message: Socket closed,Thread Group 1-334,text,false,,2228,0,116,116,http://Result-Traffic-Cop-1338216547.eu-north-1.elb.amazonaws.com:8080/result/12345,0,0,7006
1777276841121,6371,HTTP Request,Non HTTP response code: java.net.SocketException,Non HTTP response message: Socket closed,Thread Group 1-391,text,false,,2228,0,113,113,http://Result-Traffic-Cop-1338216547.eu-north-1.elb.amazonaws.com:8080/result/12345,0,0,6371
1777276840485,7012,HTTP Request,Non HTTP response code: java.net.SocketException,Non HTTP response message: Socket closed,Thread Group 1-333,text,false,,2228,0,112,112,http://Result-Traffic-Cop-1338216547.eu-north-1.elb.amazonaws.com:8080/result/12345,0,0,7011
1777276840415,7086,HTTP Request,Non HTTP response code: java.net.SocketException,Non HTTP response message: Socket closed,Thread Group 1-329,text,false,,2228,0,111,111,http://Result-Traffic-Cop-1338216547.eu-north-1.elb.amazonaws.com:8080/result/12345,0,0,7086
1777276841165,6343,HTTP Request,Non HTTP response code: java.net.SocketException,Non HTTP response message: Socket closed,Thread Group 1-395,text,false,,2228,0,110,110,http://Result-Traffic-Cop-1338216547.eu-north-1.elb.amazonaws.com:8080/result/12345,0,0,6343
1777276838462,9046,HTTP Request,Non HTTP response code: java.net.SocketException,Non HTTP response message: Socket closed,Thread Group 1-219,text,false,,2228,0,110,110,http://Result-Traffic-Cop-1338216547.eu-north-1.elb.amazonaws.com:8080/result/12345,0,0,9046
1777276838692,8818,HTTP Request,Non HTTP response code: java.net.SocketException,Non HTTP response message: Socket closed,Thread Group 1-76,text,false,,2228,0,109,109,http://Result-Traffic-Cop-1338216547.eu-north-1.elb.amazonaws.com:8080/result/12345,0,0,8818
1777276840697,6829,HTTP Request,Non HTTP response code: java.net.SocketException,Non HTTP response message: Socket closed,Thread Group 1-349,text,false,,2228,0,107,107,http://Result-Traffic-Cop-1338216547.eu-north-1.elb.amazonaws.com:8080/result/12345,0,0,6829
1777276838648,8884,HTTP Request,Non HTTP response code: java.net.SocketException,Non HTTP response message: Socket closed,Thread Group 1-184,text,false,,2228,0,106,106,http://Result-Traffic-Cop-1338216547.eu-north-1.elb.amazonaws.com:8080/result/12345,0,0,8884
1777276841739,5791,HTTP Request,Non HTTP response code: java.net.SocketException,Non HTTP response message: Socket closed,Thread Group 1-481,text,false,,2228,0,106,106,http://Result-Traffic-Cop-1338216547.eu-north-1.elb.amazonaws.com:8080/result/12345,0,0,5791
1777276840187,7347,HTTP Request,Non HTTP response code: java.net.SocketException,Non HTTP response message: Socket closed,Thread Group 1-308,text,false,,2228,0,104,104,http://Result-Traffic-Cop-1338216547.eu-north-1.elb.amazonaws.com:8080/result/12345,0,0,7347
1777276839737,7801,HTTP Request,Non HTTP response code: java.net.SocketException,Non HTTP response message: Socket closed,Thread Group 1-261,text,false,,2228,0,103,103,http://Result-Traffic-Cop-1338216547.eu-north-1.elb.amazonaws.com:8080/result/12345,0,0,7801
1777276838530,9009,HTTP Request,Non HTTP response code: java.net.SocketException,Non HTTP response message: Socket closed,Thread Group 1-113,text,false,,2228,0,102,102,http://Result-Traffic-Cop-1338216547.eu-north-1.elb.amazonaws.com:8080/result/12345,0,0,9009
1777276838617,8922,HTTP Request,Non HTTP response code: java.net.SocketException,Non HTTP response message: Socket closed,Thread Group 1-131,text,false,,2228,0,102,102,http://Result-Traffic-Cop-1338216547.eu-north-1.elb.amazonaws.com:8080/result/12345,0,0,8922
1777276841553,5987,HTTP Request,Non HTTP response code: java.net.SocketException,Non HTTP response message: Socket closed,Thread Group 1-447,text,false,,2228,0,101,101,http://Result-Traffic-Cop-1338216547.eu-north-1.elb.amazonaws.com:8080/result/12345,0,0,5987
1777276839730,7813,HTTP Request,Non HTTP response code: java.net.SocketException,Non HTTP response message: Socket closed,Thread Group 1-268,text,false,,2228,0,101,101,http://Result-Traffic-Cop-1338216547.eu-north-1.elb.amazonaws.com:8080/result/12345,0,0,7812
1777276841257,6281,HTTP Request,Non HTTP response code: java.net.SocketException,Non HTTP response message: Socket closed,Thread Group 1-407,text,false,,2228,0,101,101,http://Result-Traffic-Cop-1338216547.eu-north-1.elb.amazonaws.com:8080/result/12345,0,0,6281
1777276841802,5740,HTTP Request,Non HTTP response code: java.net.SocketException,Non HTTP response message: Socket closed,Thread Group 1-468,text,false,,2228,0,101,101,http://Result-Traffic-Cop-1338216547.eu-north-1.elb.amazonaws.com:8080/result/12345,0,0,5740
1777276839766,7773,HTTP Request,Non HTTP response code: java.net.SocketException,Non HTTP response message: Socket closed,Thread Group 1-270,text,false,,2228,0,99,99,http://Result-Traffic-Cop-1338216547.eu-north-1.elb.amazonaws.com:8080/result/12345,0,0,7773
1777276841305,6243,HTTP Request,Non HTTP response code: java.net.SocketException,Non HTTP response message: Socket closed,Thread Group 1-416,text,false,,2228,0,98,98,http://Result-Traffic-Cop-1338216547.eu-north-1.elb.amazonaws.com:8080/result/12345,0,0,6243
1777276838627,8921,HTTP Request,Non HTTP response code: java.net.SocketException,Non HTTP response message: Socket closed,Thread Group 1-17,text,false,,2228,0,98,98,http://Result-Traffic-Cop-1338216547.eu-north-1.elb.amazonaws.com:8080/result/12345,0,0,8921
1777276841869,5682,HTTP Request,Non HTTP response code: java.net.SocketException,Non HTTP response message: Socket closed,Thread Group 1-492,text,false,,2228,0,97,97,http://Result-Traffic-Cop-1338216547.eu-north-1.elb.amazonaws.com:8080/result/12345,0,0,5682
1777276841996,5555,HTTP Request,Non HTTP response code: java.net.SocketException,Non HTTP response message: Socket closed,Thread Group 1-496,text,false,,2228,0,97,97,http://Result-Traffic-Cop-1338216547.eu-north-1.elb.amazonaws.com:8080/result/12345,0,0,5555
1777276840785,6768,HTTP Request,Non HTTP response code: java.net.SocketException,Non HTTP response message: Socket closed,Thread Group 1-359,text,false,,2228,0,96,96,http://Result-Traffic-Cop-1338216547.eu-north-1.elb.amazonaws.com:8080/result/12345,0,0,6768
1777276838582,8960,HTTP Request,Non HTTP response code: java.net.SocketException,Non HTTP response message: Socket closed,Thread Group 1-199,text,false,,2228,0,96,96,http://Result-Traffic-Cop-1338216547.eu-north-1.elb.amazonaws.com:8080/result/12345,0,0,8960
1777276841786,5769,HTTP Request,Non HTTP response code: java.net.SocketException,Non HTTP response message: Socket closed,Thread Group 1-470,text,false,,2228,0,95,95,http://Result-Traffic-Cop-1338216547.eu-north-1.elb.amazonaws.com:8080/result/12345,0,0,5769
1777276838518,9039,HTTP Request,Non HTTP response code: java.net.SocketException,Non HTTP response message: Socket closed,Thread Group 1-145,text,false,,2228,0,94,94,http://Result-Traffic-Cop-1338216547.eu-north-1.elb.amazonaws.com:8080/result/12345,0,0,9039
1777276840182,7376,HTTP Request,Non HTTP response code: java.net.SocketException,Non HTTP response message: Socket closed,Thread Group 1-307,text,false,,2228,0,93,93,http://Result-Traffic-Cop-1338216547.eu-north-1.elb.amazonaws.com:8080/result/12345,0,0,7376
1777276841275,6285,HTTP Request,Non HTTP response code: java.net.SocketException,Non HTTP response message: Socket closed,Thread Group 1-410,text,false,,2228,0,87,87,http://Result-Traffic-Cop-1338216547.eu-north-1.elb.amazonaws.com:8080/result/12345,0,0,6285
1777276838581,8979,HTTP Request,Non HTTP response code: java.net.SocketException,Non HTTP response message: Socket closed,Thread Group 1-231,text,false,,2228,0,86,86,http://Result-Traffic-Cop-1338216547.eu-north-1.elb.amazonaws.com:8080/result/12345,0,0,8979
1777276838735,8825,HTTP Request,Non HTTP response code: java.net.SocketException,Non HTTP response message: Socket closed,Thread Group 1-171,text,false,,2228,0,85,85,http://Result-Traffic-Cop-1338216547.eu-north-1.elb.amazonaws.com:8080/result/12345,0,0,8825
1777276840032,7530,HTTP Request,Non HTTP response code: java.net.SocketException,Non HTTP response message: Socket closed,Thread Group 1-287,text,false,,2228,0,84,84,http://Result-Traffic-Cop-1338216547.eu-north-1.elb.amazonaws.com:8080/result/12345,0,0,7530
1777276840411,7151,HTTP Request,Non HTTP response code: java.net.SocketException,Non HTTP response message: Socket closed,Thread Group 1-328,text,false,,2228,0,84,84,http://Result-Traffic-Cop-1338216547.eu-north-1.elb.amazonaws.com:8080/result/12345,0,0,7151
1777276838656,8904,HTTP Request,Non HTTP response code: java.net.SocketException,Non HTTP response message: Socket closed,Thread Group 1-69,text,false,,2228,0,84,84,http://Result-Traffic-Cop-1338216547.eu-north-1.elb.amazonaws.com:8080/result/12345,0,0,8904
1777276838612,8948,HTTP Request,Non HTTP response code: java.net.SocketException,Non HTTP response message: Socket closed,Thread Group 1-9,text,false,,2228,0,84,84,http://Result-Traffic-Cop-1338216547.eu-north-1.elb.amazonaws.com:8080/result/12345,0,0,8948
1777276839193,8371,HTTP Request,Non HTTP response code: java.net.SocketException,Non HTTP response message: Socket closed,Thread Group 1-251,text,false,,2228,0,81,81,http://Result-Traffic-Cop-1338216547.eu-north-1.elb.amazonaws.com:8080/result/12345,0,0,8371
1777276838686,8874,HTTP Request,Non HTTP response code: java.net.SocketException,Non HTTP response message: Socket closed,Thread Group 1-44,text,false,,2228,0,84,84,http://Result-Traffic-Cop-1338216547.eu-north-1.elb.amazonaws.com:8080/result/12345,0,0,8874
1777276841023,6541,HTTP Request,Non HTTP response code: java.net.SocketException,Non HTTP response message: Socket closed,Thread Group 1-386,text,false,,2228,0,78,78,http://Result-Traffic-Cop-1338216547.eu-north-1.elb.amazonaws.com:8080/result/12345,0,0,6541
1777276841832,5732,HTTP Request,Non HTTP response code: java.net.SocketException,Non HTTP response message: Socket closed,Thread Group 1-489,text,false,,2228,0,78,78,http://Result-Traffic-Cop-1338216547.eu-north-1.elb.amazonaws.com:8080/result/12345,0,0,5732
1777276838588,8977,HTTP Request,Non HTTP response code: java.net.SocketException,Non HTTP response message: Socket closed,Thread Group 1-202,text,false,,2228,0,76,76,http://Result-Traffic-Cop-1338216547.eu-north-1.elb.amazonaws.com:8080/result/12345,0,0,8977
1777276838586,8980,HTTP Request,Non HTTP response code: java.net.SocketException,Non HTTP response message: Socket closed,Thread Group 1-48,text,false,,2228,0,76,76,http://Result-Traffic-Cop-1338216547.eu-north-1.elb.amazonaws.com:8080/result/12345,0,0,8980
1777276839746,7818,HTTP Request,Non HTTP response code: java.net.SocketException,Non HTTP response message: Socket closed,Thread Group 1-274,text,false,,2228,0,76,76,http://Result-Traffic-Cop-1338216547.eu-north-1.elb.amazonaws.com:8080/result/12345,0,0,7818
1777276838631,8935,HTTP Request,Non HTTP response code: java.net.SocketException,Non HTTP response message: Socket closed,Thread Group 1-208,text,false,,2228,0,76,76,http://Result-Traffic-Cop-1338216547.eu-north-1.elb.amazonaws.com:8080/result/12345,0,0,8935
1777276841064,6501,HTTP Request,Non HTTP response code: java.net.SocketException,Non HTTP response message: Socket closed,Thread Group 1-389,text,false,,2228,0,73,73,http://Result-Traffic-Cop-1338216547.eu-north-1.elb.amazonaws.com:8080/result/12345,0,0,6501
1777276838520,9046,HTTP Request,Non HTTP response code: java.net.SocketException,Non HTTP response message: Socket closed,Thread Group 1-80,text,false,,2228,0,70,70,http://Result-Traffic-Cop-1338216547.eu-north-1.elb.amazonaws.com:8080/result/12345,0,0,9046
1777276838623,8946,HTTP Request,Non HTTP response code: java.net.SocketException,Non HTTP response message: Socket closed,Thread Group 1-174,text,false,,2228,0,69,69,http://Result-Traffic-Cop-1338216547.eu-north-1.elb.amazonaws.com:8080/result/12345,0,0,8946
1777276840628,6940,HTTP Request,Non HTTP response code: java.net.SocketException,Non HTTP response message: Socket closed,Thread Group 1-343,text,false,,2228,0,69,69,http://Result-Traffic-Cop-1338216547.eu-north-1.elb.amazonaws.com:8080/result/12345,0,0,6940
1777276838620,8949,HTTP Request,Non HTTP response code: java.net.SocketException,Non HTTP response message: Socket closed,Thread Group 1-193,text,false,,2228,0,68,68,http://Result-Traffic-Cop-1338216547.eu-north-1.elb.amazonaws.com:8080/result/12345,0,0,8949
1777276841764,5806,HTTP Request,Non HTTP response code: java.net.SocketException,Non HTTP response message: Socket closed,Thread Group 1-477,text,false,,2228,0,68,68,http://Result-Traffic-Cop-1338216547.eu-north-1.elb.amazonaws.com:8080/result/12345,0,0,5806
1777276839034,8537,HTTP Request,Non HTTP response code: java.net.SocketException,Non HTTP response message: Socket closed,Thread Group 1-241,text,false,,2228,0,65,65,http://Result-Traffic-Cop-1338216547.eu-north-1.elb.amazonaws.com:8080/result/12345,0,0,8537
1777276840943,6628,HTTP Request,Non HTTP response code: java.net.SocketException,Non HTTP response message: Socket closed,Thread Group 1-375,text,false,,2228,0,65,65,http://Result-Traffic-Cop-1338216547.eu-north-1.elb.amazonaws.com:8080/result/12345,0,0,6628
1777276838627,8945,HTTP Request,Non HTTP response code: java.net.SocketException,Non HTTP response message: Socket closed,Thread Group 1-36,text,false,,2228,0,65,65,http://Result-Traffic-Cop-1338216547.eu-north-1.elb.amazonaws.com:8080/result/12345,0,0,8945
1777276838642,8930,HTTP Request,Non HTTP response code: java.net.SocketException,Non HTTP response message: Socket closed,Thread Group 1-114,text,false,,2228,0,65,65,http://Result-Traffic-Cop-1338216547.eu-north-1.elb.amazonaws.com:8080/result/12345,0,0,8930
1777276841461,6114,HTTP Request,Non HTTP response code: java.net.SocketException,Non HTTP response message: Socket closed,Thread Group 1-435,text,false,,2228,0,61,61,http://Result-Traffic-Cop-1338216547.eu-north-1.elb.amazonaws.com:8080/result/12345,0,0,6114
1777276840216,7357,HTTP Request,Non HTTP response code: java.net.SocketException,Non HTTP response message: Socket closed,Thread Group 1-312,text,false,,2228,0,61,61,http://Result-Traffic-Cop-1338216547.eu-north-1.elb.amazonaws.com:8080/result/12345,0,0,7357
1777276841018,6557,HTTP Request,Non HTTP response code: java.net.SocketException,Non HTTP response message: Socket closed,Thread Group 1-384,text,false,,2228,0,61,61,http://Result-Traffic-Cop-1338216547.eu-north-1.elb.amazonaws.com:8080/result/12345,0,0,6557
1777276838735,8842,HTTP Request,Non HTTP response code: java.net.SocketException,Non HTTP response message: Socket closed,Thread Group 1-73,text,false,,2228,0,58,58,http://Result-Traffic-Cop-1338216547.eu-north-1.elb.amazonaws.com:8080/result/12345,0,0,8842
1777276838625,8951,HTTP Request,Non HTTP response code: java.net.SocketException,Non HTTP response message: Socket closed,Thread Group 1-132,text,false,,2228,0,57,57,http://Result-Traffic-Cop-1338216547.eu-north-1.elb.amazonaws.com:8080/result/12345,0,0,8951
1777276839724,7857,HTTP Request,Non HTTP response code: java.net.SocketException,Non HTTP response message: Socket closed,Thread Group 1-260,text,false,,2228,0,56,56,http://Result-Traffic-Cop-1338216547.eu-north-1.elb.amazonaws.com:8080/result/12345,0,0,7857
1777276838583,9000,HTTP Request,Non HTTP response code: java.net.SocketException,Non HTTP response message: Socket closed,Thread Group 1-106,text,false,,2228,0,56,56,http://Result-Traffic-Cop-1338216547.eu-north-1.elb.amazonaws.com:8080/result/12345,0,0,9000
1777276838707,8876,HTTP Request,Non HTTP response code: java.net.SocketException,Non HTTP response message: Socket closed,Thread Group 1-23,text,false,,2228,0,56,56,http://Result-Traffic-Cop-1338216547.eu-north-1.elb.amazonaws.com:8080/result/12345,0,0,8876
1777276841777,5808,HTTP Request,Non HTTP response code: java.net.SocketException,Non HTTP response message: Socket closed,Thread Group 1-476,text,false,,2228,0,55,55,http://Result-Traffic-Cop-1338216547.eu-north-1.elb.amazonaws.com:8080/result/12345,0,0,5808
1777276838607,8978,HTTP Request,Non HTTP response code: java.net.SocketException,Non HTTP response message: Socket closed,Thread Group 1-167,text,false,,2228,0,55,55,http://Result-Traffic-Cop-1338216547.eu-north-1.elb.amazonaws.com:8080/result/12345,0,0,8978
1777276841289,6297,HTTP Request,Non HTTP response code: java.net.SocketException,Non HTTP response message: Socket closed,Thread Group 1-414,text,false,,2228,0,55,55,http://Result-Traffic-Cop-1338216547.eu-north-1.elb.amazonaws.com:8080/result/12345,0,0,6297
1777276838689,8897,HTTP Request,Non HTTP response code: java.net.SocketException,Non HTTP response message: Socket closed,Thread Group 1-143,text,false,,2228,0,55,55,http://Result-Traffic-Cop-1338216547.eu-north-1.elb.amazonaws.com:8080/result/12345,0,0,8897
1777276840987,6602,HTTP Request,Non HTTP response code: java.net.SocketException,Non HTTP response message: Socket closed,Thread Group 1-379,text,false,,2228,0,49,49,http://Result-Traffic-Cop-1338216547.eu-north-1.elb.amazonaws.com:8080/result/12345,0,0,6602
1777276838702,8886,HTTP Request,Non HTTP response code: java.net.SocketException,Non HTTP response message: Socket closed,Thread Group 1-10,text,false,,2228,0,49,49,http://Result-Traffic-Cop-1338216547.eu-north-1.elb.amazonaws.com:8080/result/12345,0,0,8886
1777276838594,8996,HTTP Request,Non HTTP response code: java.net.SocketException,Non HTTP response message: Socket closed,Thread Group 1-54,text,false,,2228,0,49,49,http://Result-Traffic-Cop-1338216547.eu-north-1.elb.amazonaws.com:8080/result/12345,0,0,8996
1777276838525,9062,HTTP Request,Non HTTP response code: java.net.SocketException,Non HTTP response message: Socket closed,Thread Group 1-19,text,false,,2228,0,49,49,http://Result-Traffic-Cop-1338216547.eu-north-1.elb.amazonaws.com:8080/result/12345,0,0,9062
1777276838697,8895,HTTP Request,Non HTTP response code: java.net.SocketException,Non HTTP response message: Socket closed,Thread Group 1-176,text,false,,2228,0,45,45,http://Result-Traffic-Cop-1338216547.eu-north-1.elb.amazonaws.com:8080/result/12345,0,0,8895
1777276838595,8996,HTTP Request,Non HTTP response code: java.net.SocketException,Non HTTP response message: Socket closed,Thread Group 1-12,text,false,,2228,0,45,45,http://Result-Traffic-Cop-1338216547.eu-north-1.elb.amazonaws.com:8080/result/12345,0,0,8996
1777276841011,6590,HTTP Request,Non HTTP response code: java.net.SocketException,Non HTTP response message: Socket closed,Thread Group 1-383,text,false,,2228,0,43,43,http://Result-Traffic-Cop-1338216547.eu-north-1.elb.amazonaws.com:8080/result/12345,0,0,6590
1777276838691,8911,HTTP Request,Non HTTP response code: java.net.SocketException,Non HTTP response message: Socket closed,Thread Group 1-138,text,false,,2228,0,42,42,http://Result-Traffic-Cop-1338216547.eu-north-1.elb.amazonaws.com:8080/result/12345,0,0,8911
1777276838706,8902,HTTP Request,Non HTTP response code: java.net.SocketException,Non HTTP response message: Socket closed,Thread Group 1-205,text,false,,2228,0,41,41,http://Result-Traffic-Cop-1338216547.eu-north-1.elb.amazonaws.com:8080/result/12345,0,0,8901
1777276838490,9119,HTTP Request,Non HTTP response code: java.net.SocketException,Non HTTP response message: Socket closed,Thread Group 1-229,text,false,,2228,0,41,41,http://Result-Traffic-Cop-1338216547.eu-north-1.elb.amazonaws.com:8080/result/12345,0,0,9119
1777276841853,5757,HTTP Request,Non HTTP response code: java.net.SocketException,Non HTTP response message: Socket closed,Thread Group 1-490,text,false,,2228,0,39,39,http://Result-Traffic-Cop-1338216547.eu-north-1.elb.amazonaws.com:8080/result/12345,0,0,5757
1777276838729,8882,HTTP Request,Non HTTP response code: java.net.SocketException,Non HTTP response message: Socket closed,Thread Group 1-200,text,false,,2228,0,39,39,http://Result-Traffic-Cop-1338216547.eu-north-1.elb.amazonaws.com:8080/result/12345,0,0,8882
1777276838518,9091,HTTP Request,Non HTTP response code: java.net.SocketException,Non HTTP response message: Socket closed,Thread Group 1-65,text,false,,2228,0,38,38,http://Result-Traffic-Cop-1338216547.eu-north-1.elb.amazonaws.com:8080/result/12345,0,0,9091
1777276841752,5860,HTTP Request,Non HTTP response code: java.net.SocketException,Non HTTP response message: Socket closed,Thread Group 1-480,text,false,,2228,0,38,38,http://Result-Traffic-Cop-1338216547.eu-north-1.elb.amazonaws.com:8080/result/12345,0,0,5860
1777276840279,7334,HTTP Request,Non HTTP response code: java.net.SocketException,Non HTTP response message: Socket closed,Thread Group 1-320,text,false,,2228,0,38,38,http://Result-Traffic-Cop-1338216547.eu-north-1.elb.amazonaws.com:8080/result/12345,0,0,7334
1777276841023,6596,HTTP Request,Non HTTP response code: java.net.SocketException,Non HTTP response message: Socket closed,Thread Group 1-385,text,false,,2228,0,34,34,http://Result-Traffic-Cop-1338216547.eu-north-1.elb.amazonaws.com:8080/result/12345,0,0,6596
1777276838639,8976,HTTP Request,Non HTTP response code: java.net.SocketException,Non HTTP response message: Socket closed,Thread Group 1-148,text,false,,2228,0,33,33,http://Result-Traffic-Cop-1338216547.eu-north-1.elb.amazonaws.com:8080/result/12345,0,0,8976
1777276838800,8822,HTTP Request,Non HTTP response code: java.net.SocketException,Non HTTP response message: Socket closed,Thread Group 1-159,text,false,,2228,0,33,33,http://Result-Traffic-Cop-1338216547.eu-north-1.elb.amazonaws.com:8080/result/12345,0,0,8822
1777276839825,7798,HTTP Request,Non HTTP response code: java.net.SocketException,Non HTTP response message: Socket closed,Thread Group 1-278,text,false,,2228,0,31,31,http://Result-Traffic-Cop-1338216547.eu-north-1.elb.amazonaws.com:8080/result/12345,0,0,7798
1777276841284,6339,HTTP Request,Non HTTP response code: java.net.SocketException,Non HTTP response message: Socket closed,Thread Group 1-412,text,false,,2228,0,30,30,http://Result-Traffic-Cop-1338216547.eu-north-1.elb.amazonaws.com:8080/result/12345,0,0,6339
1777276841777,5843,HTTP Request,Non HTTP response code: java.net.SocketException,Non HTTP response message: Socket closed,Thread Group 1-475,text,false,,2228,0,30,30,http://Result-Traffic-Cop-1338216547.eu-north-1.elb.amazonaws.com:8080/result/12345,0,0,5843
1777276838615,9010,HTTP Request,Non HTTP response code: java.net.SocketException,Non HTTP response message: Socket closed,Thread Group 1-49,text,false,,2228,0,28,28,http://Result-Traffic-Cop-1338216547.eu-north-1.elb.amazonaws.com:8080/result/12345,0,0,9010
1777276839230,8396,HTTP Request,Non HTTP response code: java.net.SocketException,Non HTTP response message: Socket closed,Thread Group 1-252,text,false,,2228,0,28,28,http://Result-Traffic-Cop-1338216547.eu-north-1.elb.amazonaws.com:8080/result/12345,0,0,8396
1777276838628,8995,HTTP Request,Non HTTP response code: java.net.SocketException,Non HTTP response message: Socket closed,Thread Group 1-235,text,false,,2228,0,28,28,http://Result-Traffic-Cop-1338216547.eu-north-1.elb.amazonaws.com:8080/result/12345,0,0,8995
1777276838612,9014,HTTP Request,Non HTTP response code: java.net.SocketException,Non HTTP response message: Socket closed,Thread Group 1-94,text,false,,2228,0,28,28,http://Result-Traffic-Cop-1338216547.eu-north-1.elb.amazonaws.com:8080/result/12345,0,0,9014
1777276838753,8872,HTTP Request,Non HTTP response code: java.net.SocketException,Non HTTP response message: Socket closed,Thread Group 1-110,text,false,,2228,0,28,28,http://Result-Traffic-Cop-1338216547.eu-north-1.elb.amazonaws.com:8080/result/12345,0,0,8872
1777276841232,6396,HTTP Request,Non HTTP response code: java.net.SocketException,Non HTTP response message: Socket closed,Thread Group 1-405,text,false,,2228,0,26,26,http://Result-Traffic-Cop-1338216547.eu-north-1.elb.amazonaws.com:8080/result/12345,0,0,6396
1777276840085,7544,HTTP Request,Non HTTP response code: java.net.SocketException,Non HTTP response message: Socket closed,Thread Group 1-292,text,false,,2228,0,26,26,http://Result-Traffic-Cop-1338216547.eu-north-1.elb.amazonaws.com:8080/result/12345,0,0,7544
1777276838478,9151,HTTP Request,Non HTTP response code: java.net.SocketException,Non HTTP response message: Socket closed,Thread Group 1-214,text,false,,2228,0,26,26,http://Result-Traffic-Cop-1338216547.eu-north-1.elb.amazonaws.com:8080/result/12345,0,0,9151
1777276840716,6912,HTTP Request,Non HTTP response code: java.net.SocketException,Non HTTP response message: Socket closed,Thread Group 1-350,text,false,,2228,0,25,25,http://Result-Traffic-Cop-1338216547.eu-north-1.elb.amazonaws.com:8080/result/12345,0,0,6912
1777276839722,7907,HTTP Request,Non HTTP response code: java.net.SocketException,Non HTTP response message: Socket closed,Thread Group 1-273,text,false,,2228,0,24,24,http://Result-Traffic-Cop-1338216547.eu-north-1.elb.amazonaws.com:8080/result/12345,0,0,7907
1777276839762,7868,HTTP Request,Non HTTP response code: java.net.SocketException,Non HTTP response message: Socket closed,Thread Group 1-272,text,false,,2228,0,21,21,http://Result-Traffic-Cop-1338216547.eu-north-1.elb.amazonaws.com:8080/result/12345,0,0,7868
1777276838523,9107,HTTP Request,Non HTTP response code: java.net.SocketException,Non HTTP response message: Socket closed,Thread Group 1-213,text,false,,2228,0,20,20,http://Result-Traffic-Cop-1338216547.eu-north-1.elb.amazonaws.com:8080/result/12345,0,0,9107
1777276839184,8447,HTTP Request,Non HTTP response code: java.net.SocketException,Non HTTP response message: Socket closed,Thread Group 1-248,text,false,,2228,0,16,16,http://Result-Traffic-Cop-1338216547.eu-north-1.elb.amazonaws.com:8080/result/12345,0,0,8446
1777276838718,8904,HTTP Request,Non HTTP response code: java.net.SocketException,Non HTTP response message: Socket closed,Thread Group 1-117,text,false,,2228,0,16,16,http://Result-Traffic-Cop-1338216547.eu-north-1.elb.amazonaws.com:8080/result/12345,0,0,8904
1777276838604,9028,HTTP Request,Non HTTP response code: java.net.SocketException,Non HTTP response message: Socket closed,Thread Group 1-161,text,false,,2228,0,16,16,http://Result-Traffic-Cop-1338216547.eu-north-1.elb.amazonaws.com:8080/result/12345,0,0,9028
1777276841196,6435,HTTP Request,Non HTTP response code: java.net.SocketException,Non HTTP response message: Socket closed,Thread Group 1-400,text,false,,2228,0,16,16,http://Result-Traffic-Cop-1338216547.eu-north-1.elb.amazonaws.com:8080/result/12345,0,0,6435
1777276838632,8992,HTTP Request,Non HTTP response code: java.net.SocketException,Non HTTP response message: Socket closed,Thread Group 1-68,text,false,,2228,0,16,16,http://Result-Traffic-Cop-1338216547.eu-north-1.elb.amazonaws.com:8080/result/12345,0,0,8992
1777276841395,6238,HTTP Request,Non HTTP response code: java.net.SocketException,Non HTTP response message: Socket closed,Thread Group 1-427,text,false,,2228,0,16,16,http://Result-Traffic-Cop-1338216547.eu-north-1.elb.amazonaws.com:8080/result/12345,0,0,6237
1777276840473,7160,HTTP Request,Non HTTP response code: java.net.SocketException,Non HTTP response message: Socket closed,Thread Group 1-331,text,false,,2228,0,10,10,http://Result-Traffic-Cop-1338216547.eu-north-1.elb.amazonaws.com:8080/result/12345,0,0,7160
1777276838582,9051,HTTP Request,Non HTTP response code: java.net.SocketException,Non HTTP response message: Socket closed,Thread Group 1-182,text,false,,2228,0,10,10,http://Result-Traffic-Cop-1338216547.eu-north-1.elb.amazonaws.com:8080/result/12345,0,0,9051
1777276838632,9001,HTTP Request,Non HTTP response code: java.net.SocketException,Non HTTP response message: Socket closed,Thread Group 1-195,text,false,,2228,0,10,10,http://Result-Traffic-Cop-1338216547.eu-north-1.elb.amazonaws.com:8080/result/12345,0,0,9001
1777276838710,8923,HTTP Request,Non HTTP response code: java.net.SocketException,Non HTTP response message: Socket closed,Thread Group 1-104,text,false,,2228,0,10,10,http://Result-Traffic-Cop-1338216547.eu-north-1.elb.amazonaws.com:8080/result/12345,0,0,8923
1777276838470,9163,HTTP Request,Non HTTP response code: java.net.SocketException,Non HTTP response message: Socket closed,Thread Group 1-227,text,false,,2228,0,10,10,http://Result-Traffic-Cop-1338216547.eu-north-1.elb.amazonaws.com:8080/result/12345,0,0,9163
1777276841806,5826,HTTP Request,Non HTTP response code: java.net.SocketException,Non HTTP response message: Socket closed,Thread Group 1-466,text,false,,2228,0,9,9,http://Result-Traffic-Cop-1338216547.eu-north-1.elb.amazonaws.com:8080/result/12345,0,0,5826
1777276841747,5886,HTTP Request,Non HTTP response code: java.net.SocketException,Non HTTP response message: Socket closed,Thread Group 1-487,text,false,,2228,0,8,8,http://Result-Traffic-Cop-1338216547.eu-north-1.elb.amazonaws.com:8080/result/12345,0,0,5886
1777276838735,8900,HTTP Request,Non HTTP response code: java.net.SocketException,Non HTTP response message: Socket closed,Thread Group 1-137,text,false,,2228,0,3,3,http://Result-Traffic-Cop-1338216547.eu-north-1.elb.amazonaws.com:8080/result/12345,0,0,8900
1777276838533,9099,HTTP Request,Non HTTP response code: java.net.SocketException,Non HTTP response message: Socket closed,Thread Group 1-13,text,false,,2228,0,3,3,http://Result-Traffic-Cop-1338216547.eu-north-1.elb.amazonaws.com:8080/result/12345,0,0,9099
1777276838661,8971,HTTP Request,Non HTTP response code: java.net.SocketException,Non HTTP response message: Socket closed,Thread Group 1-40,text,false,,2228,0,3,3,http://Result-Traffic-Cop-1338216547.eu-north-1.elb.amazonaws.com:8080/result/12345,0,0,8971
